country_id,latitude,longitude,bright_ti4,scan,track,acq_date,acq_time,satellite,instrument,confidence,version,bright_ti5,frp,daynight
USA,39.56311,-77.17245,300.88,0.4,0.44,2023-02-18,728,1,VIIRS,n,2.0NRT,270.55,0.95,N
USA,39.93826,-76.81399,306.26,0.4,0.45,2023-02-18,728,1,VIIRS,n,2.0NRT,269.98,1.76,N
USA,39.96301,-76.59869,301.1,0.41,0.45,2023-02-18,728,1,VIIRS,n,2.0NRT,268.72,0.58,N
USA,40.57111,-83.13995,302.35,0.38,0.36,2023-02-18,728,1,VIIRS,n,2.0NRT,268.39,1.07,N
USA,40.66763,-80.34192,320.53,0.43,0.38,2023-02-18,728,1,VIIRS,n,2.0NRT,269.84,1.86,N
USA,40.66854,-80.34687,304.14,0.43,0.38,2023-02-18,728,1,VIIRS,n,2.0NRT,271.17,1.86,N
USA,40.73484,-86.43635,303.94,0.42,0.38,2023-02-18,728,1,VIIRS,n,2.0NRT,267.57,1.52,N
USA,40.79852,-85.78778,311.64,0.41,0.37,2023-02-18,728,1,VIIRS,n,2.0NRT,268.39,0.79,N
USA,40.88745,-86.7814,306.65,0.44,0.38,2023-02-18,728,1,VIIRS,n,2.0NRT,267.47,0.9,N
USA,41.12041,-85.35131,314.32,0.4,0.37,2023-02-18,728,1,VIIRS,n,2.0NRT,270.1,1.96,N
USA,41.17912,-87.85844,309.46,0.48,0.4,2023-02-18,728,1,VIIRS,n,2.0NRT,268.11,1.39,N
USA,41.18187,-87.85693,320.83,0.48,0.4,2023-02-18,728,1,VIIRS,n,2.0NRT,268.35,1.94,N
USA,41.18277,-87.85769,307.46,0.48,0.4,2023-02-18,728,1,VIIRS,n,2.0NRT,267.22,1.39,N
USA,41.2246,-83.20859,325.75,0.38,0.36,2023-02-18,728,1,VIIRS,n,2.0NRT,271.49,2.49,N
USA,41.30845,-82.16758,304.39,0.39,0.36,2023-02-18,728,1,VIIRS,n,2.0NRT,266.21,0.52,N
USA,41.36554,-84.92159,314.07,0.4,0.37,2023-02-18,728,1,VIIRS,n,2.0NRT,268.04,1.52,N
USA,41.36887,-84.92075,296.25,0.4,0.37,2023-02-18,728,1,VIIRS,n,2.0NRT,268.07,0.8,N
USA,41.37153,-84.91521,295.98,0.4,0.37,2023-02-18,728,1,VIIRS,n,2.0NRT,269.56,0.8,N
USA,41.3917,-89.69432,311.99,0.38,0.43,2023-02-18,728,1,VIIRS,n,2.0NRT,268.12,1.16,N
USA,41.45148,-81.67477,309.68,0.39,0.37,2023-02-18,728,1,VIIRS,n,2.0NRT,268.87,2.13,N
USA,41.45227,-81.6794,325.26,0.39,0.36,2023-02-18,728,1,VIIRS,n,2.0NRT,268.84,2.13,N
USA,41.45886,-81.67741,309.65,0.39,0.36,2023-02-18,728,1,VIIRS,n,2.0NRT,268.32,1.75,N
USA,41.46095,-83.36519,318.89,0.38,0.36,2023-02-18,728,1,VIIRS,n,2.0NRT,268.76,1.45,N
USA,41.46216,-81.67641,336.37,0.39,0.36,2023-02-18,728,1,VIIRS,n,2.0NRT,270.44,2.86,N
USA,41.46545,-81.6754,308.91,0.39,0.36,2023-02-18,728,1,VIIRS,n,2.0NRT,270.64,2.86,N
USA,41.4682,-83.36794,326.62,0.38,0.36,2023-02-18,728,1,VIIRS,n,2.0NRT,272.34,2.3,N
USA,41.56797,-84.04433,332.78,0.39,0.36,2023-02-18,728,1,VIIRS,n,2.0NRT,270.38,8.24,N
USA,41.56934,-84.05352,297.5,0.39,0.36,2023-02-18,728,1,VIIRS,n,2.0NRT,268.3,0.94,N
USA,41.61825,-87.33007,327.05,0.46,0.39,2023-02-18,728,1,VIIRS,n,2.0NRT,270.18,2.66,N
USA,41.62185,-87.3293,316.32,0.46,0.39,2023-02-18,728,1,VIIRS,n,2.0NRT,270.55,2.66,N
USA,41.62651,-87.36808,297.76,0.46,0.39,2023-02-18,728,1,VIIRS,n,2.0NRT,267.41,1.34,N
USA,41.63544,-83.4996,306.01,0.38,0.36,2023-02-18,728,1,VIIRS,n,2.0NRT,270.9,0.98,N
USA,41.63556,-87.14066,302.95,0.45,0.39,2023-02-18,728,1,VIIRS,n,2.0NRT,270.01,2.49,N
USA,41.63657,-87.13318,304.36,0.45,0.39,2023-02-18,728,1,VIIRS,n,2.0NRT,268.37,1.5,N
USA,41.63778,-87.129,303.53,0.45,0.39,2023-02-18,728,1,VIIRS,n,2.0NRT,267.71,1.09,N
USA,41.63787,-87.1441,326.16,0.46,0.39,2023-02-18,728,1,VIIRS,n,2.0NRT,273.13,8.95,N
USA,41.63845,-87.13444,306.89,0.45,0.39,2023-02-18,728,1,VIIRS,n,2.0NRT,268.36,3.46,N
USA,41.63912,-87.13989,326.95,0.45,0.39,2023-02-18,728,1,VIIRS,n,2.0NRT,273.02,3.46,N
USA,41.64013,-87.13242,316.85,0.45,0.39,2023-02-18,728,1,VIIRS,n,2.0NRT,269.84,1.5,N
USA,41.64202,-87.13369,306.72,0.45,0.39,2023-02-18,728,1,VIIRS,n,2.0NRT,270.13,3.46,N
USA,41.64266,-87.41024,321.88,0.46,0.39,2023-02-18,728,1,VIIRS,n,2.0NRT,271.91,3.38,N
USA,41.64269,-87.13914,343.24,0.45,0.39,2023-02-18,728,1,VIIRS,n,2.0NRT,274.55,3.46,N
USA,41.64435,-87.13712,322.14,0.45,0.39,2023-02-18,728,1,VIIRS,n,2.0NRT,271.17,3.54,N
USA,41.645,-87.14257,329.24,0.46,0.39,2023-02-18,728,1,VIIRS,n,2.0NRT,270.58,3.54,N
USA,41.6627,-87.42308,305.51,0.47,0.39,2023-02-18,728,1,VIIRS,n,2.0NRT,268.19,1.94,N
USA,41.66968,-87.45023,307.53,0.47,0.39,2023-02-18,728,1,VIIRS,n,2.0NRT,268.58,1.29,N
USA,41.67172,-87.43109,299.35,0.47,0.39,2023-02-18,728,1,VIIRS,n,2.0NRT,267.22,1.1,N
USA,41.67488,-87.43194,298.77,0.47,0.39,2023-02-18,728,1,VIIRS,n,2.0NRT,269.14,1.4,N
USA,41.67555,-87.43755,308.95,0.47,0.39,2023-02-18,728,1,VIIRS,n,2.0NRT,272.68,1.4,N
USA,41.67598,-87.43593,314.56,0.47,0.39,2023-02-18,728,1,VIIRS,n,2.0NRT,270.41,2.4,N
USA,41.67763,-87.41834,295.96,0.47,0.39,2023-02-18,728,1,VIIRS,n,2.0NRT,271.7,1.09,N
USA,41.67848,-87.43116,314.38,0.47,0.39,2023-02-18,728,1,VIIRS,n,2.0NRT,269.83,1.4,N
USA,41.67959,-87.43515,310.43,0.47,0.39,2023-02-18,728,1,VIIRS,n,2.0NRT,268.15,1.47,N
USA,41.68124,-87.41758,304.13,0.47,0.39,2023-02-18,728,1,VIIRS,n,2.0NRT,275.37,1.09,N
USA,41.68255,-87.42877,296.05,0.47,0.39,2023-02-18,728,1,VIIRS,n,2.0NRT,267.47,2.4,N
USA,41.97224,-92.52937,306.05,0.54,0.51,2023-02-18,728,1,VIIRS,n,2.0NRT,264.71,0.92,N
USA,42.09111,-83.42229,295.07,0.38,0.36,2023-02-18,728,1,VIIRS,n,2.0NRT,266.71,0.54,N
USA,42.145,-89.08179,295.3,0.55,0.43,2023-02-18,728,1,VIIRS,n,2.0NRT,265.75,0.91,N
USA,42.22214,-96.9241,296.89,0.46,0.63,2023-02-18,728,1,VIIRS,n,2.0NRT,266.39,0.62,N
USA,42.22802,-96.92378,299.35,0.46,0.63,2023-02-18,728,1,VIIRS,n,2.0NRT,265.66,0.63,N
USA,42.27812,-83.13031,295.33,0.38,0.36,2023-02-18,728,1,VIIRS,n,2.0NRT,266.84,0.48,N
USA,42.28234,-83.11333,302.56,0.38,0.36,2023-02-18,728,1,VIIRS,n,2.0NRT,267.67,0.71,N
USA,42.29347,-83.16302,325.49,0.38,0.36,2023-02-18,728,1,VIIRS,n,2.0NRT,268.59,1.58,N
USA,42.2949,-83.17223,300.42,0.38,0.36,2023-02-18,728,1,VIIRS,n,2.0NRT,270.9,1.25,N
USA,42.29816,-83.1713,305.23,0.38,0.36,2023-02-18,728,1,VIIRS,n,2.0NRT,267.64,1.25,N
USA,42.29929,-83.15657,322.7,0.38,0.36,2023-02-18,728,1,VIIRS,n,2.0NRT,272.99,2.04,N
USA,45.07176,-83.40669,306.11,0.39,0.36,2023-02-18,728,1,VIIRS,n,2.0NRT,266.81,1.47,N
USA,46.73202,-92.07727,296.69,0.57,0.52,2023-02-18,728,1,VIIRS,n,2.0NRT,264.61,1.06,N
USA,34.04357,-78.5602,303.87,0.44,0.46,2023-02-18,730,1,VIIRS,n,2.0NRT,279.62,0.96,N
USA,34.04447,-78.56184,299.42,0.44,0.46,2023-02-18,730,1,VIIRS,n,2.0NRT,279.26,0.9,N
USA,34.15096,-79.56018,301.86,0.39,0.44,2023-02-18,730,1,VIIRS,n,2.0NRT,278.06,0.82,N
USA,34.15332,-79.56092,298.64,0.39,0.44,2023-02-18,730,1,VIIRS,n,2.0NRT,278.46,0.61,N
USA,34.24083,-84.7997,295.1,0.39,0.36,2023-02-18,730,1,VIIRS,n,2.0NRT,271.88,0.33,N
USA,34.34683,-82.77573,299.32,0.42,0.38,2023-02-18,730,1,VIIRS,n,2.0NRT,273.29,0.73,N
USA,34.63839,-87.08582,327.72,0.4,0.37,2023-02-18,730,1,VIIRS,n,2.0NRT,277.1,5.64,N
USA,34.64297,-87.09379,302.68,0.4,0.37,2023-02-18,730,1,VIIRS,n,2.0NRT,272.31,1.14,N
USA,34.8415,-79.74151,304.94,0.55,0.43,2023-02-18,730,1,VIIRS,n,2.0NRT,273.97,2.13,N
USA,34.84184,-79.74036,304.43,0.55,0.43,2023-02-18,730,1,VIIRS,n,2.0NRT,273.06,0.94,N
USA,34.87599,-88.42926,305.89,0.44,0.38,2023-02-18,730,1,VIIRS,n,2.0NRT,270.62,0.99,N
USA,34.99769,-91.95607,304.22,0.42,0.45,2023-02-18,730,1,VIIRS,n,2.0NRT,270.3,1.03,N
USA,35.01717,-79.18607,295.7,0.39,0.44,2023-02-18,730,1,VIIRS,n,2.0NRT,273.58,0.44,N
USA,35.04029,-79.15682,303.53,0.39,0.44,2023-02-18,730,1,VIIRS,n,2.0NRT,273.85,0.63,N
USA,35.28544,-92.72904,297.56,0.47,0.47,2023-02-18,730,1,VIIRS,n,2.0NRT,271.63,0.78,N
USA,35.30671,-88.18867,304.54,0.43,0.38,2023-02-18,730,1,VIIRS,n,2.0NRT,270.44,0.85,N
USA,35.34116,-80.83042,303.34,0.48,0.4,2023-02-18,730,1,VIIRS,n,2.0NRT,271.69,0.69,N
USA,35.50589,-80.32897,298.64,0.51,0.41,2023-02-18,730,1,VIIRS,n,2.0NRT,273.41,1.24,N
USA,35.64717,-89.9325,326.61,0.51,0.41,2023-02-18,730,1,VIIRS,n,2.0NRT,274.48,4.76,N
USA,35.72844,-88.812,306.46,0.46,0.39,2023-02-18,730,1,VIIRS,n,2.0NRT,273.09,1.35,N
USA,35.7979,-91.74715,296.31,0.42,0.45,2023-02-18,730,1,VIIRS,n,2.0NRT,269.58,0.72,N
USA,35.89065,-89.77901,312.59,0.5,0.41,2023-02-18,730,1,VIIRS,n,2.0NRT,273.8,1.53,N
USA,35.93489,-86.37654,303.92,0.39,0.36,2023-02-18,730,1,VIIRS,n,2.0NRT,271.88,0.96,N
USA,35.93707,-89.71225,324.99,0.5,0.41,2023-02-18,730,1,VIIRS,n,2.0NRT,273.98,3.34,N
USA,35.98016,-83.95451,321.82,0.39,0.36,2023-02-18,730,1,VIIRS,n,2.0NRT,273.27,1.76,N
USA,35.98087,-83.95877,309.7,0.39,0.36,2023-02-18,730,1,VIIRS,n,2.0NRT,272.06,1.86,N
USA,36.03741,-87.98563,296.88,0.43,0.38,2023-02-18,730,1,VIIRS,n,2.0NRT,270.96,1.01,N
USA,36.1874,-91.17481,308.56,0.4,0.44,2023-02-18,730,1,VIIRS,n,2.0NRT,269.32,1.06,N
USA,36.35514,-76.81282,296.29,0.48,0.48,2023-02-18,730,1,VIIRS,n,2.0NRT,276.2,0.64,N
USA,36.35824,-76.8061,305.39,0.48,0.48,2023-02-18,730,1,VIIRS,n,2.0NRT,275.56,1.77,N
USA,36.46635,-85.87433,295,0.39,0.36,2023-02-18,730,1,VIIRS,n,2.0NRT,269.07,0.38,N
USA,36.86429,-85.17378,326.02,0.39,0.36,2023-02-18,730,1,VIIRS,n,2.0NRT,271.64,3.29,N
USA,36.87637,-85.6585,306.19,0.39,0.36,2023-02-18,730,1,VIIRS,n,2.0NRT,267.43,0.7,N
USA,37.27315,-79.99693,304.16,0.49,0.4,2023-02-18,730,1,VIIRS,n,2.0NRT,271.19,0.92,N
USA,37.46066,-94.12434,295.16,0.59,0.53,2023-02-18,730,1,VIIRS,n,2.0NRT,267.22,2.2,N
USA,37.53819,-76.80598,298.88,0.46,0.47,2023-02-18,730,1,VIIRS,n,2.0NRT,278.41,1.39,N
USA,37.9682,-90.07605,315.86,0.55,0.43,2023-02-18,730,1,VIIRS,n,2.0NRT,272.12,1.83,N
USA,37.97533,-90.06853,298.15,0.55,0.43,2023-02-18,730,1,VIIRS,n,2.0NRT,271.28,1.33,N
USA,38.00843,-90.08167,311.37,0.55,0.43,2023-02-18,730,1,VIIRS,n,2.0NRT,271.52,2.36,N
USA,38.11764,-84.74976,295.75,0.38,0.36,2023-02-18,730,1,VIIRS,n,2.0NRT,268.67,0.38,N
USA,38.31363,-92.55408,300.56,0.49,0.49,2023-02-18,730,1,VIIRS,n,2.0NRT,269.88,0.78,N
USA,38.3198,-93.06866,297.26,0.53,0.5,2023-02-18,730,1,VIIRS,n,2.0NRT,267.87,1.1,N
USA,38.36757,-82.59196,302.83,0.4,0.37,2023-02-18,730,1,VIIRS,n,2.0NRT,269.89,0.76,N
USA,38.42133,-95.09402,310.44,0.34,0.56,2023-02-18,730,1,VIIRS,n,2.0NRT,270.28,0.85,N
USA,38.42268,-95.09565,298.74,0.34,0.56,2023-02-18,730,1,VIIRS,n,2.0NRT,269.6,0.58,N
USA,38.4535,-90.97564,302,0.41,0.45,2023-02-18,730,1,VIIRS,n,2.0NRT,267.09,1.17,N
USA,38.4741,-92.52361,305.11,0.49,0.49,2023-02-18,730,1,VIIRS,n,2.0NRT,268.25,1.24,N
USA,38.59727,-82.83012,324.47,0.39,0.36,2023-02-18,730,1,VIIRS,n,2.0NRT,275.26,1.84,N
USA,38.59802,-82.83456,313.66,0.39,0.36,2023-02-18,730,1,VIIRS,n,2.0NRT,274.25,1.84,N
USA,38.59982,-82.82478,307.36,0.39,0.36,2023-02-18,730,1,VIIRS,n,2.0NRT,278.13,1.41,N
USA,38.62305,-83.66983,295.38,0.39,0.36,2023-02-18,730,1,VIIRS,n,2.0NRT,271.52,1.06,N
USA,38.69326,-90.12932,309.39,0.56,0.43,2023-02-18,730,1,VIIRS,n,2.0NRT,269.48,2.79,N
USA,38.69461,-90.14227,315.17,0.56,0.43,2023-02-18,730,1,VIIRS,n,2.0NRT,272.5,2.16,N
USA,38.69529,-90.14877,301.72,0.56,0.43,2023-02-18,730,1,VIIRS,n,2.0NRT,270.47,2.16,N
USA,38.69721,-90.12864,298.21,0.56,0.43,2023-02-18,730,1,VIIRS,n,2.0NRT,273.23,1.37,N
USA,38.69788,-90.1351,305.64,0.56,0.43,2023-02-18,730,1,VIIRS,n,2.0NRT,274.32,1.37,N
USA,38.7576,-84.99548,300.01,0.39,0.36,2023-02-18,730,1,VIIRS,n,2.0NRT,270.34,0.64,N
USA,38.8364,-84.24023,327.13,0.38,0.36,2023-02-18,730,1,VIIRS,n,2.0NRT,274.87,2.53,N
USA,38.83794,-90.06389,296.07,0.56,0.43,2023-02-18,730,1,VIIRS,n,2.0NRT,274.9,1.87,N
USA,38.99943,-87.72465,299.25,0.45,0.39,2023-02-18,730,1,VIIRS,n,2.0NRT,275.79,1.39,N
USA,39.14847,-80.90897,309.61,0.43,0.38,2023-02-18,730,1,VIIRS,n,2.0NRT,268.17,1.01,N
USA,39.46904,-84.38398,326.8,0.39,0.36,2023-02-18,730,1,VIIRS,n,2.0NRT,272.44,5.6,N
USA,39.47029,-84.36987,296.2,0.39,0.36,2023-02-18,730,1,VIIRS,n,2.0NRT,267.07,0.66,N
USA,39.48148,-84.37622,321.09,0.39,0.36,2023-02-18,730,1,VIIRS,n,2.0NRT,269.33,1.41,N
USA,39.48215,-84.38065,295.87,0.39,0.36,2023-02-18,730,1,VIIRS,n,2.0NRT,270.98,1.02,N
USA,39.48679,-84.38866,319.65,0.39,0.36,2023-02-18,730,1,VIIRS,n,2.0NRT,270.86,1.52,N
USA,39.5451,-95.75051,313.66,0.38,0.59,2023-02-18,730,1,VIIRS,n,2.0NRT,266.85,1.7,N
USA,39.87487,-86.48738,302.72,0.42,0.38,2023-02-18,730,1,VIIRS,n,2.0NRT,268.55,1,N
USA,39.97761,-86.83546,325.89,0.43,0.38,2023-02-18,730,1,VIIRS,n,2.0NRT,271.05,3.29,N
USA,41.00706,-96.15607,301.95,0.41,0.6,2023-02-18,730,1,VIIRS,n,2.0NRT,270.2,0.84,N
USA,41.05717,-94.97845,297.81,0.35,0.57,2023-02-18,730,1,VIIRS,n,2.0NRT,263.89,0.28,N
USA,41.29134,-95.60736,333.37,0.38,0.59,2023-02-18,730,1,VIIRS,n,2.0NRT,263.55,3.27,N
USA,41.29226,-95.60456,323.03,0.38,0.59,2023-02-18,730,1,VIIRS,n,2.0NRT,265.12,3.88,N
USA,27.88858,-97.27515,302.44,0.36,0.57,2023-02-18,733,1,VIIRS,n,2.0NRT,276.89,0.76,N
USA,27.88912,-97.27505,304.92,0.36,0.57,2023-02-18,733,1,VIIRS,n,2.0NRT,277.07,1.04,N
USA,27.89357,-97.27088,297.19,0.36,0.57,2023-02-18,733,1,VIIRS,n,2.0NRT,278.42,0.76,N
USA,28.06116,-97.43874,316.91,0.37,0.58,2023-02-18,733,1,VIIRS,n,2.0NRT,275.28,1.39,N
USA,28.37294,-100.06379,301.32,0.54,0.68,2023-02-18,733,1,VIIRS,n,2.0NRT,275.13,0.65,N
USA,28.39169,-100.06184,310.76,0.54,0.68,2023-02-18,733,1,VIIRS,n,2.0NRT,275.55,1.56,N
USA,28.5827,-98.34836,299.38,0.42,0.61,2023-02-18,733,1,VIIRS,n,2.0NRT,269.73,0.76,N
USA,28.70187,-96.53326,303.87,0.33,0.55,2023-02-18,733,1,VIIRS,n,2.0NRT,278.07,0.94,N
USA,28.75434,-98.35983,317.77,0.43,0.62,2023-02-18,733,1,VIIRS,n,2.0NRT,271.55,1.32,N
USA,28.94795,-97.89113,304.32,0.4,0.6,2023-02-18,733,1,VIIRS,n,2.0NRT,274.16,0.75,N
USA,28.99472,-97.84914,299.65,0.4,0.6,2023-02-18,733,1,VIIRS,n,2.0NRT,273.39,0.53,N
USA,28.99489,-97.84837,297.56,0.4,0.6,2023-02-18,733,1,VIIRS,n,2.0NRT,273.44,0.42,N
USA,29.06903,-95.75183,299.45,0.59,0.53,2023-02-18,733,1,VIIRS,n,2.0NRT,282.92,1.84,N
USA,29.22717,-95.20343,295.37,0.55,0.51,2023-02-18,733,1,VIIRS,n,2.0NRT,278.13,1.2,N
USA,29.23376,-99.23138,303.97,0.49,0.65,2023-02-18,733,1,VIIRS,n,2.0NRT,272.28,0.73,N
USA,29.34252,-97.11082,296.9,0.36,0.58,2023-02-18,733,1,VIIRS,n,2.0NRT,274.88,0.76,N
USA,29.36684,-94.90654,296.84,0.53,0.5,2023-02-18,733,1,VIIRS,n,2.0NRT,279.85,1.21,N
USA,29.37009,-94.93961,301.74,0.53,0.5,2023-02-18,733,1,VIIRS,n,2.0NRT,278.64,1,N
USA,29.37474,-94.93902,298.48,0.53,0.5,2023-02-18,733,1,VIIRS,n,2.0NRT,281.16,0.92,N
USA,29.37791,-94.93827,305.35,0.53,0.5,2023-02-18,733,1,VIIRS,n,2.0NRT,284.29,1.96,N
USA,29.37842,-94.94382,310.49,0.54,0.5,2023-02-18,733,1,VIIRS,n,2.0NRT,279.33,1.43,N
USA,29.37938,-94.93842,298.65,0.53,0.5,2023-02-18,733,1,VIIRS,n,2.0NRT,280.78,0.92,N
USA,29.37993,-94.94396,303.21,0.53,0.5,2023-02-18,733,1,VIIRS,n,2.0NRT,277.92,0.92,N
USA,29.63025,-90.3785,303.83,0.46,0.39,2023-02-18,733,1,VIIRS,n,2.0NRT,276.44,0.8,N
USA,29.68478,-98.18356,302.47,0.42,0.61,2023-02-18,733,1,VIIRS,n,2.0NRT,274.33,1.1,N
USA,29.70867,-95.0629,298.71,0.55,0.51,2023-02-18,733,1,VIIRS,n,2.0NRT,277.27,1,N
USA,29.74315,-95.12807,297.23,0.55,0.51,2023-02-18,733,1,VIIRS,n,2.0NRT,275.98,0.64,N
USA,29.74573,-95.00062,296.02,0.54,0.51,2023-02-18,733,1,VIIRS,n,2.0NRT,281.97,2.78,N
USA,29.75706,-93.87919,306.63,0.47,0.48,2023-02-18,733,1,VIIRS,n,2.0NRT,279.92,1.47,N
USA,29.76093,-93.87374,300.02,0.47,0.48,2023-02-18,733,1,VIIRS,n,2.0NRT,275.94,1.63,N
USA,29.76143,-93.87858,302.09,0.47,0.48,2023-02-18,733,1,VIIRS,n,2.0NRT,276.91,1.47,N
USA,29.77301,-93.33562,317.11,0.43,0.46,2023-02-18,733,1,VIIRS,n,2.0NRT,279.37,1.93,N
USA,29.78195,-92.64725,296.51,0.4,0.44,2023-02-18,733,1,VIIRS,n,2.0NRT,280.78,1.64,N
USA,29.78563,-93.25183,318.43,0.43,0.46,2023-02-18,733,1,VIIRS,n,2.0NRT,274.82,2.2,N
USA,29.78937,-93.24675,297.73,0.43,0.46,2023-02-18,733,1,VIIRS,n,2.0NRT,274.02,0.39,N
USA,29.83709,-93.96676,307.59,0.47,0.48,2023-02-18,733,1,VIIRS,n,2.0NRT,279.05,1.41,N
USA,29.8591,-93.96373,303.14,0.47,0.48,2023-02-18,733,1,VIIRS,n,2.0NRT,280.35,1.29,N
USA,29.8821,-93.97055,304.93,0.47,0.48,2023-02-18,733,1,VIIRS,n,2.0NRT,275.61,1.56,N
USA,29.89041,-93.96439,301.55,0.47,0.48,2023-02-18,733,1,VIIRS,n,2.0NRT,281.66,1.62,N
USA,29.99483,-90.40751,300.12,0.47,0.39,2023-02-18,733,1,VIIRS,n,2.0NRT,278.15,1.34,N
USA,29.99721,-90.39725,301.21,0.47,0.39,2023-02-18,733,1,VIIRS,n,2.0NRT,283.05,1.96,N
USA,30.00144,-90.40144,308.44,0.47,0.39,2023-02-18,733,1,VIIRS,n,2.0NRT,284.85,2.51,N
USA,30.01807,-94.03512,337.94,0.48,0.48,2023-02-18,733,1,VIIRS,n,2.0NRT,281.37,5.05,N
USA,30.0519,-93.7551,299.34,0.46,0.47,2023-02-18,733,1,VIIRS,n,2.0NRT,281.08,1.9,N
USA,30.05453,-90.67171,309.16,0.48,0.4,2023-02-18,733,1,VIIRS,n,2.0NRT,275.54,0.86,N
USA,30.05583,-97.85996,296.15,0.41,0.61,2023-02-18,733,1,VIIRS,n,2.0NRT,273.37,0.75,N
USA,30.06397,-90.59954,295.77,0.48,0.4,2023-02-18,733,1,VIIRS,n,2.0NRT,282.41,1.28,N
USA,30.06963,-94.06724,323.94,0.48,0.48,2023-02-18,733,1,VIIRS,n,2.0NRT,278.95,1.75,N
USA,30.07012,-94.07226,301.56,0.48,0.48,2023-02-18,733,1,VIIRS,n,2.0NRT,282.48,1.75,N
USA,30.17866,-93.35768,317.3,0.44,0.46,2023-02-18,733,1,VIIRS,n,2.0NRT,278.77,1.32,N
USA,30.17994,-93.32959,301.21,0.44,0.46,2023-02-18,733,1,VIIRS,n,2.0NRT,284.17,1.85,N
USA,30.24253,-93.27689,303.3,0.44,0.46,2023-02-18,733,1,VIIRS,n,2.0NRT,284.05,1.23,N
USA,30.26096,-93.28809,297.09,0.44,0.46,2023-02-18,733,1,VIIRS,n,2.0NRT,275.61,0.97,N
USA,30.31149,-97.14838,295.32,0.37,0.58,2023-02-18,733,1,VIIRS,n,2.0NRT,271.02,0.48,N
USA,30.32562,-91.24071,295.81,0.51,0.41,2023-02-18,733,1,VIIRS,n,2.0NRT,278.11,1.02,N
USA,30.33014,-91.27805,295.12,0.51,0.41,2023-02-18,733,1,VIIRS,n,2.0NRT,277,0.64,N
USA,30.34179,-88.48483,297.03,0.4,0.37,2023-02-18,733,1,VIIRS,n,2.0NRT,283.89,1.2,N
USA,30.3424,-88.48901,297.69,0.4,0.37,2023-02-18,733,1,VIIRS,n,2.0NRT,283.42,1.08,N
USA,30.3431,-88.48574,303.08,0.4,0.37,2023-02-18,733,1,VIIRS,n,2.0NRT,284.78,1.58,N
USA,30.40134,-90.9172,313.71,0.5,0.41,2023-02-18,733,1,VIIRS,n,2.0NRT,275.7,1.61,N
USA,30.45684,-97.7205,305.12,0.41,0.6,2023-02-18,733,1,VIIRS,n,2.0NRT,272.08,0.99,N
USA,30.45777,-97.71935,301.53,0.4,0.6,2023-02-18,733,1,VIIRS,n,2.0NRT,272.91,1.18,N
USA,30.51521,-91.34908,296.79,0.52,0.42,2023-02-18,733,1,VIIRS,n,2.0NRT,275.13,0.63,N
USA,30.54662,-90.18443,326.22,0.46,0.39,2023-02-18,733,1,VIIRS,n,2.0NRT,277.36,3.81,N
USA,30.56049,-91.20982,295.42,0.51,0.41,2023-02-18,733,1,VIIRS,n,2.0NRT,276.77,0.6,N
USA,30.58401,-91.24425,299.43,0.52,0.41,2023-02-18,733,1,VIIRS,n,2.0NRT,274.57,1.64,N
USA,30.58738,-87.84864,315.15,0.39,0.36,2023-02-18,733,1,VIIRS,n,2.0NRT,275.24,0.95,N
USA,30.60799,-95.70691,298.78,0.61,0.54,2023-02-18,733,1,VIIRS,n,2.0NRT,271.22,1.12,N
USA,30.74976,-92.25302,306.83,0.39,0.44,2023-02-18,733,1,VIIRS,n,2.0NRT,277.31,1.11,N
USA,30.75021,-92.25708,297.81,0.39,0.44,2023-02-18,733,1,VIIRS,n,2.0NRT,275.18,0.95,N
USA,30.94035,-88.01178,298.76,0.4,0.37,2023-02-18,733,1,VIIRS,n,2.0NRT,277.95,1.5,N
USA,30.94095,-88.01591,322.7,0.4,0.37,2023-02-18,733,1,VIIRS,n,2.0NRT,276.85,1.48,N
USA,30.94705,-88.01047,306.77,0.4,0.37,2023-02-18,733,1,VIIRS,n,2.0NRT,275.77,0.89,N
USA,31.15031,-87.98609,319.22,0.4,0.37,2023-02-18,733,1,VIIRS,n,2.0NRT,279.79,1.43,N
USA,31.15091,-87.99024,306.13,0.4,0.37,2023-02-18,733,1,VIIRS,n,2.0NRT,274.99,1.43,N
USA,31.16311,-87.97931,297.96,0.4,0.37,2023-02-18,733,1,VIIRS,n,2.0NRT,277.04,0.58,N
USA,31.24374,-96.81039,298.04,0.36,0.58,2023-02-18,733,1,VIIRS,n,2.0NRT,270.56,0.64,N
USA,31.24511,-96.81,302.94,0.36,0.58,2023-02-18,733,1,VIIRS,n,2.0NRT,271.46,1.22,N
USA,31.24542,-96.81386,307.92,0.36,0.58,2023-02-18,733,1,VIIRS,n,2.0NRT,270.13,1.37,N
USA,31.24934,-96.81366,307.28,0.36,0.58,2023-02-18,733,1,VIIRS,n,2.0NRT,270.38,1.13,N
USA,31.35388,-96.17046,315.42,0.33,0.56,2023-02-18,733,1,VIIRS,n,2.0NRT,273.24,1.77,N
USA,31.48393,-97.24301,297.72,0.39,0.59,2023-02-18,733,1,VIIRS,n,2.0NRT,272.05,0.64,N
USA,31.48493,-97.24377,297.39,0.39,0.59,2023-02-18,733,1,VIIRS,n,2.0NRT,272.64,0.62,N
USA,31.57512,-84.25011,297.03,0.41,0.37,2023-02-18,733,1,VIIRS,n,2.0NRT,273.52,0.7,N
USA,31.577,-94.70448,297.73,0.55,0.51,2023-02-18,733,1,VIIRS,n,2.0NRT,270.84,0.91,N
USA,31.58104,-87.49004,296.71,0.39,0.36,2023-02-18,733,1,VIIRS,n,2.0NRT,282.58,0.96,N
USA,31.7089,-97.59425,298.7,0.41,0.61,2023-02-18,733,1,VIIRS,n,2.0NRT,271.55,0.92,N
USA,31.71291,-97.59322,296.37,0.41,0.61,2023-02-18,733,1,VIIRS,n,2.0NRT,271.18,0.6,N
USA,31.85172,-99.29009,307.85,0.52,0.67,2023-02-18,733,1,VIIRS,n,2.0NRT,267.09,1.66,N
USA,32.05491,-82.51107,305.31,0.46,0.39,2023-02-18,733,1,VIIRS,n,2.0NRT,275.18,1.52,N
USA,32.08385,-97.93321,296.53,0.43,0.62,2023-02-18,733,1,VIIRS,n,2.0NRT,269.59,0.77,N
USA,32.17881,-85.02668,300.42,0.39,0.36,2023-02-18,733,1,VIIRS,n,2.0NRT,278.49,0.55,N
USA,32.18124,-97.92469,320.2,0.43,0.62,2023-02-18,733,1,VIIRS,n,2.0NRT,273.56,2.45,N
USA,32.18294,-97.92638,324.15,0.43,0.62,2023-02-18,733,1,VIIRS,n,2.0NRT,273.88,2.48,N
USA,32.24809,-97.5536,307.33,0.41,0.61,2023-02-18,733,1,VIIRS,n,2.0NRT,272.16,1.03,N
USA,32.2501,-97.55279,307.66,0.41,0.61,2023-02-18,733,1,VIIRS,n,2.0NRT,272.39,1.3,N
USA,32.27579,-92.7299,295.39,0.43,0.46,2023-02-18,733,1,VIIRS,n,2.0NRT,278.54,0.8,N
USA,32.28789,-85.75979,299.62,0.38,0.36,2023-02-18,733,1,VIIRS,n,2.0NRT,272.76,0.39,N
USA,32.31277,-90.13653,302.09,0.48,0.4,2023-02-18,733,1,VIIRS,n,2.0NRT,274.59,1.02,N
USA,32.31643,-90.13588,301.25,0.48,0.4,2023-02-18,733,1,VIIRS,n,2.0NRT,273.9,1.02,N
USA,33.00472,-79.87729,296.66,0.39,0.44,2023-02-18,733,1,VIIRS,n,2.0NRT,279.59,1.03,N
USA,33.00643,-79.88544,308.03,0.39,0.44,2023-02-18,733,1,VIIRS,n,2.0NRT,281.31,1.1,N
USA,33.01431,-79.88316,304.05,0.39,0.44,2023-02-18,733,1,VIIRS,n,2.0NRT,279.48,5.08,N
USA,33.01516,-79.88722,337.12,0.39,0.44,2023-02-18,733,1,VIIRS,n,2.0NRT,280.11,5.08,N
USA,33.09289,-86.80461,325.14,0.39,0.36,2023-02-18,733,1,VIIRS,n,2.0NRT,277.46,2.44,N
USA,33.10549,-86.79768,295.61,0.39,0.36,2023-02-18,733,1,VIIRS,n,2.0NRT,274.66,0.65,N
USA,33.10611,-86.80183,298.68,0.39,0.36,2023-02-18,733,1,VIIRS,n,2.0NRT,273.94,0.65,N
USA,33.18113,-86.7579,299.75,0.39,0.36,2023-02-18,733,1,VIIRS,n,2.0NRT,273.99,0.77,N
USA,33.22037,-86.79226,305.92,0.39,0.36,2023-02-18,733,1,VIIRS,n,2.0NRT,274.03,0.64,N
USA,33.2342,-87.50995,317.26,0.4,0.37,2023-02-18,733,1,VIIRS,n,2.0NRT,276.74,2.06,N
USA,33.4416,-88.57236,312.7,0.43,0.38,2023-02-18,733,1,VIIRS,n,2.0NRT,273.86,1.52,N
USA,33.44854,-88.57101,309.41,0.43,0.38,2023-02-18,733,1,VIIRS,n,2.0NRT,275.63,1.48,N
USA,33.44976,-88.58019,295.83,0.43,0.38,2023-02-18,733,1,VIIRS,n,2.0NRT,272.45,0.63,N
USA,33.5343,-86.75568,313.82,0.39,0.36,2023-02-18,733,1,VIIRS,n,2.0NRT,273.42,1.44,N
USA,33.53492,-86.75985,307.79,0.39,0.36,2023-02-18,733,1,VIIRS,n,2.0NRT,270.77,1.44,N
USA,33.54506,-86.80503,304.33,0.39,0.36,2023-02-18,733,1,VIIRS,n,2.0NRT,273.88,0.87,N
USA,33.58205,-86.78117,303.41,0.39,0.36,2023-02-18,733,1,VIIRS,n,2.0NRT,274.15,1.15,N
USA,33.73577,-86.15266,297.32,0.39,0.36,2023-02-18,733,1,VIIRS,n,2.0NRT,273.67,0.76,N
USA,27.8129,-97.43167,296.64,0.36,0.58,2023-02-18,735,1,VIIRS,n,2.0NRT,280.48,1.29,N
USA,27.81746,-97.48411,296.18,0.37,0.58,2023-02-18,735,1,VIIRS,n,2.0NRT,283.7,0.98,N
USA,31.57528,-101.55762,321.25,0.34,0.56,2023-02-18,911,1,VIIRS,n,2.0NRT,265.67,1.89,N
USA,31.74629,-101.72279,305.67,0.33,0.55,2023-02-18,911,1,VIIRS,n,2.0NRT,267.1,0.7,N
USA,31.74654,-101.72292,295.96,0.33,0.55,2023-02-18,911,1,VIIRS,n,2.0NRT,266.66,0.69,N
USA,31.85073,-99.29057,300.29,0.45,0.63,2023-02-18,911,1,VIIRS,n,2.0NRT,266.09,1.13,N
USA,31.86342,-101.79454,320.39,0.32,0.55,2023-02-18,911,1,VIIRS,n,2.0NRT,262.77,2.36,N
USA,31.86981,-101.79944,332.2,0.32,0.55,2023-02-18,911,1,VIIRS,n,2.0NRT,261.44,3.86,N
USA,31.87039,-101.79813,353.64,0.32,0.55,2023-02-18,911,1,VIIRS,n,2.0NRT,263.21,4.28,N
USA,32.17902,-97.92505,305.96,0.52,0.67,2023-02-18,911,1,VIIRS,n,2.0NRT,271.99,1.95,N
USA,32.24702,-97.55338,297.76,0.55,0.68,2023-02-18,911,1,VIIRS,n,2.0NRT,270.83,0.81,N
USA,33.79356,-117.47668,299.91,0.41,0.45,2023-02-18,911,1,VIIRS,n,2.0NRT,275.25,0.89,N
USA,34.60888,-117.33654,311.01,0.42,0.45,2023-02-18,911,1,VIIRS,n,2.0NRT,270.92,1.72,N
USA,35.65849,-120.83651,299.91,0.34,0.56,2023-02-18,911,1,VIIRS,n,2.0NRT,268.21,0.51,N
USA,36.35717,-114.91349,307.71,0.5,0.41,2023-02-18,911,1,VIIRS,n,2.0NRT,270.35,1.44,N
USA,37.15573,-119.23721,308.09,0.57,0.52,2023-02-18,911,1,VIIRS,n,2.0NRT,264.25,2.04,N
USA,37.22628,-120.42472,307.98,0.33,0.55,2023-02-18,911,1,VIIRS,n,2.0NRT,271.77,1.93,N
USA,37.22655,-120.42847,317.38,0.33,0.55,2023-02-18,911,1,VIIRS,n,2.0NRT,270.93,1.96,N
USA,37.37097,-98.22001,297.83,0.37,0.58,2023-02-18,911,1,VIIRS,n,2.0NRT,266.44,0.35,N
USA,37.79275,-96.87019,299.23,0.43,0.62,2023-02-18,911,1,VIIRS,n,2.0NRT,271.23,1.53,N
USA,39.71392,-121.99495,304.79,0.42,0.61,2023-02-18,911,1,VIIRS,n,2.0NRT,272.2,1.05,N
USA,39.71415,-121.99995,299.31,0.42,0.61,2023-02-18,911,1,VIIRS,n,2.0NRT,272.72,1.75,N
USA,39.7196,-121.99448,295.89,0.42,0.61,2023-02-18,911,1,VIIRS,n,2.0NRT,271.45,1.05,N
USA,41.29167,-95.60591,323.67,0.4,0.6,2023-02-18,911,1,VIIRS,n,2.0NRT,263.85,2,N
USA,42.68415,-111.59138,340.35,0.43,0.38,2023-02-18,911,1,VIIRS,n,2.0NRT,260.53,7.05,N
USA,42.68762,-111.59055,336.61,0.43,0.38,2023-02-18,911,1,VIIRS,n,2.0NRT,265.58,7.29,N
USA,28.37533,-100.06374,305.61,0.49,0.65,2023-02-18,913,1,VIIRS,n,2.0NRT,272.47,0.8,N
USA,28.38694,-100.06017,311.63,0.49,0.65,2023-02-18,913,1,VIIRS,n,2.0NRT,274,1.1,N
USA,28.7534,-98.35922,298.31,0.6,0.71,2023-02-18,913,1,VIIRS,n,2.0NRT,270.34,0.92,N
USA,37.15604,-119.23722,307.72,0.57,0.52,2023-02-18,913,1,VIIRS,n,2.0NRT,264.27,2.04,N
USA,37.22403,-120.4264,330.57,0.33,0.55,2023-02-18,913,1,VIIRS,n,2.0NRT,273.65,2.05,N
USA,37.25075,-119.6545,295.61,0.6,0.53,2023-02-18,913,1,VIIRS,n,2.0NRT,271.35,1.27,N
USA,37.32858,-120.32793,295.64,0.33,0.55,2023-02-18,913,1,VIIRS,n,2.0NRT,270.19,0.31,N
USA,37.33022,-120.32759,295.63,0.33,0.55,2023-02-18,913,1,VIIRS,n,2.0NRT,270.51,0.4,N
USA,37.54273,-120.96857,325.47,0.36,0.57,2023-02-18,913,1,VIIRS,n,2.0NRT,270.4,2.02,N
USA,37.66283,-121.11658,326.3,0.36,0.58,2023-02-18,913,1,VIIRS,n,2.0NRT,273.52,1.74,N
USA,37.95009,-122.4002,295.08,0.43,0.62,2023-02-18,913,1,VIIRS,n,2.0NRT,281.23,0.56,N
USA,38.07305,-122.13995,301.08,0.42,0.61,2023-02-18,913,1,VIIRS,n,2.0NRT,286.23,1.23,N
USA,37.22489,-120.42361,299.58,0.55,0.68,2023-02-18,1051,1,VIIRS,n,2.0NRT,269.84,1.56,N
USA,37.22662,-120.42942,305.64,0.55,0.68,2023-02-18,1051,1,VIIRS,n,2.0NRT,269.59,1.56,N
USA,37.66088,-121.11741,337.2,0.49,0.65,2023-02-18,1051,1,VIIRS,n,2.0NRT,271.92,3.62,N
USA,34.65299,-77.23275,338.07,0.61,0.71,2023-02-18,1711,1,VIIRS,n,2.0NRT,283.39,5.59,D
USA,34.65379,-77.22656,348.87,0.61,0.71,2023-02-18,1711,1,VIIRS,n,2.0NRT,284.26,6.42,D
USA,34.6548,-77.22658,341.31,0.61,0.71,2023-02-18,1711,1,VIIRS,n,2.0NRT,283.28,5.59,D
USA,34.65733,-77.24169,327.93,0.61,0.71,2023-02-18,1711,1,VIIRS,n,2.0NRT,283.06,8.77,D
USA,34.65916,-77.23544,353.49,0.61,0.71,2023-02-18,1711,1,VIIRS,n,2.0NRT,283.34,10.46,D
USA,35.35231,-79.37508,327.48,0.76,0.77,2023-02-18,1711,1,VIIRS,n,2.0NRT,282.72,3.87,D
USA,36.35677,-76.80618,347.17,0.52,0.67,2023-02-18,1711,1,VIIRS,n,2.0NRT,282.93,6.56,D
USA,40.88998,-77.70741,328.9,0.43,0.62,2023-02-18,1713,1,VIIRS,n,2.0NRT,281.75,2.6,D
USA,26.12682,-97.81554,337.46,0.53,0.67,2023-02-18,1847,1,VIIRS,n,2.0NRT,289.99,3.91,D
USA,26.60192,-97.47388,353.6,0.5,0.65,2023-02-18,1847,1,VIIRS,n,2.0NRT,296.7,21.68,D
USA,26.60312,-97.4691,346.29,0.5,0.65,2023-02-18,1847,1,VIIRS,n,2.0NRT,284.3,16.2,D
USA,26.60424,-97.47543,353.5,0.5,0.66,2023-02-18,1847,1,VIIRS,n,2.0NRT,294.36,24.88,D
USA,26.60541,-97.47063,367,0.5,0.66,2023-02-18,1847,1,VIIRS,h,2.0NRT,293.76,15.62,D
USA,26.60658,-97.46584,344.72,0.5,0.65,2023-02-18,1847,1,VIIRS,n,2.0NRT,291.55,15.62,D
USA,26.60775,-97.47563,334.56,0.5,0.65,2023-02-18,1847,1,VIIRS,n,2.0NRT,302.13,52.39,D
USA,26.60895,-97.47086,367,0.5,0.65,2023-02-18,1847,1,VIIRS,h,2.0NRT,296.71,24.81,D
USA,26.61008,-97.4772,349.81,0.5,0.66,2023-02-18,1847,1,VIIRS,n,2.0NRT,293.45,31.92,D
USA,26.61015,-97.46606,342.07,0.5,0.65,2023-02-18,1847,1,VIIRS,n,2.0NRT,292.26,24.81,D
USA,26.61125,-97.47241,367,0.5,0.66,2023-02-18,1847,1,VIIRS,h,2.0NRT,295.08,47.28,D
USA,27.81231,-81.7537,330.73,0.47,0.4,2023-02-18,1847,1,VIIRS,l,2.0NRT,301.75,3.85,D
USA,27.9023,-81.98326,328.29,0.46,0.39,2023-02-18,1847,1,VIIRS,n,2.0NRT,295.39,2.06,D
USA,29.27666,-82.47323,335.26,0.45,0.39,2023-02-18,1847,1,VIIRS,n,2.0NRT,296.04,2.79,D
USA,29.29335,-82.04945,329.74,0.47,0.4,2023-02-18,1847,1,VIIRS,n,2.0NRT,294.32,1.89,D
USA,29.45944,-82.64721,329.58,0.45,0.39,2023-02-18,1847,1,VIIRS,n,2.0NRT,291.18,2.81,D
USA,29.4988,-82.84366,329.66,0.44,0.38,2023-02-18,1847,1,VIIRS,n,2.0NRT,299.82,10.91,D
USA,29.49939,-82.83913,338.3,0.44,0.38,2023-02-18,1847,1,VIIRS,n,2.0NRT,304.12,10.91,D
USA,29.74004,-82.70296,331.7,0.45,0.39,2023-02-18,1847,1,VIIRS,n,2.0NRT,295.01,2.22,D
USA,29.74062,-82.69833,330.38,0.45,0.39,2023-02-18,1847,1,VIIRS,n,2.0NRT,295.26,2.22,D
USA,29.74359,-82.70354,328.13,0.45,0.39,2023-02-18,1847,1,VIIRS,n,2.0NRT,294.41,4.27,D
USA,29.75128,-82.7001,336.4,0.45,0.39,2023-02-18,1847,1,VIIRS,n,2.0NRT,292.66,5.85,D
USA,30.07454,-82.90494,331.51,0.44,0.39,2023-02-18,1847,1,VIIRS,n,2.0NRT,297.52,1.79,D
USA,30.07748,-82.91013,325.8,0.44,0.39,2023-02-18,1847,1,VIIRS,n,2.0NRT,295.95,1.32,D
USA,30.09607,-83.24033,339.2,0.43,0.38,2023-02-18,1847,1,VIIRS,n,2.0NRT,298.61,3.47,D
USA,30.15558,-81.80164,326.68,0.5,0.41,2023-02-18,1847,1,VIIRS,n,2.0NRT,292.29,3.78,D
USA,30.15619,-81.79649,333.57,0.5,0.41,2023-02-18,1847,1,VIIRS,n,2.0NRT,291.26,3.78,D
USA,29.57009,-92.22488,345.13,0.42,0.45,2023-02-18,1849,1,VIIRS,n,2.0NRT,278.8,9.16,D
USA,29.69967,-90.41447,340.27,0.5,0.41,2023-02-18,1849,1,VIIRS,n,2.0NRT,288.93,8.3,D
USA,29.70143,-90.42561,326.17,0.5,0.41,2023-02-18,1849,1,VIIRS,n,2.0NRT,288.7,28.6,D
USA,29.7024,-90.42049,348.23,0.5,0.41,2023-02-18,1849,1,VIIRS,n,2.0NRT,298.62,28.6,D
USA,29.70512,-90.42651,334.53,0.5,0.41,2023-02-18,1849,1,VIIRS,n,2.0NRT,303.47,44.92,D
USA,29.70609,-90.42139,332.83,0.5,0.41,2023-02-18,1849,1,VIIRS,n,2.0NRT,289.86,44.92,D
USA,30.09144,-85.63445,354.87,0.39,0.36,2023-02-18,1849,1,VIIRS,n,2.0NRT,301.26,15.61,D
USA,30.09202,-85.63049,329.69,0.39,0.36,2023-02-18,1849,1,VIIRS,n,2.0NRT,293.3,2.79,D
USA,30.09473,-85.63509,330.63,0.39,0.36,2023-02-18,1849,1,VIIRS,n,2.0NRT,296.02,15.61,D
USA,30.09802,-85.63574,329.67,0.39,0.36,2023-02-18,1849,1,VIIRS,n,2.0NRT,295.12,6.2,D
USA,30.10013,-85.64433,333.34,0.39,0.36,2023-02-18,1849,1,VIIRS,n,2.0NRT,299.43,3.26,D
USA,30.10131,-85.63639,345.45,0.39,0.36,2023-02-18,1849,1,VIIRS,n,2.0NRT,300.19,6.2,D
USA,30.10342,-85.64497,334.78,0.39,0.36,2023-02-18,1849,1,VIIRS,n,2.0NRT,294.27,1.89,D
USA,30.10612,-85.64958,325.73,0.39,0.36,2023-02-18,1849,1,VIIRS,n,2.0NRT,293.27,1.89,D
USA,30.10942,-85.65023,345.32,0.39,0.36,2023-02-18,1849,1,VIIRS,n,2.0NRT,294.77,3.4,D
USA,30.11212,-85.65484,343.88,0.39,0.36,2023-02-18,1849,1,VIIRS,n,2.0NRT,295.02,6.6,D
USA,30.11541,-85.65549,335.43,0.39,0.36,2023-02-18,1849,1,VIIRS,n,2.0NRT,302.24,7.46,D
USA,30.1187,-85.65614,330.93,0.39,0.36,2023-02-18,1849,1,VIIRS,n,2.0NRT,298.07,7.46,D
USA,30.2701,-91.20464,347.17,0.54,0.42,2023-02-18,1849,1,VIIRS,n,2.0NRT,293.27,9.75,D
USA,30.27278,-84.27068,327.31,0.4,0.37,2023-02-18,1849,1,VIIRS,n,2.0NRT,293.74,2.61,D
USA,30.27616,-84.27129,334.69,0.4,0.37,2023-02-18,1849,1,VIIRS,n,2.0NRT,293.61,2.61,D
USA,30.2916,-84.18386,334.88,0.41,0.37,2023-02-18,1849,1,VIIRS,n,2.0NRT,292.3,4.23,D
USA,30.29459,-84.3132,329.71,0.4,0.37,2023-02-18,1849,1,VIIRS,n,2.0NRT,291.54,1.99,D
USA,30.37658,-91.91273,346.62,0.39,0.44,2023-02-18,1849,1,VIIRS,n,2.0NRT,290.86,3.94,D
USA,30.42645,-87.60628,335.31,0.4,0.37,2023-02-18,1849,1,VIIRS,n,2.0NRT,293.95,5.68,D
USA,30.51267,-84.04852,332.74,0.41,0.37,2023-02-18,1849,1,VIIRS,n,2.0NRT,291.46,3.83,D
USA,30.5155,-84.05341,345.17,0.41,0.37,2023-02-18,1849,1,VIIRS,n,2.0NRT,295.37,8.06,D
USA,30.51607,-84.04914,343.78,0.41,0.37,2023-02-18,1849,1,VIIRS,n,2.0NRT,291.54,3.83,D
USA,30.54232,-88.89803,342.68,0.43,0.38,2023-02-18,1849,1,VIIRS,n,2.0NRT,290.1,8.23,D
USA,30.54843,-88.904,328.49,0.43,0.38,2023-02-18,1849,1,VIIRS,n,2.0NRT,289.83,5.38,D
USA,30.55187,-88.90479,332.07,0.43,0.38,2023-02-18,1849,1,VIIRS,n,2.0NRT,290.66,3.42,D
USA,30.58758,-87.84806,336.32,0.4,0.37,2023-02-18,1849,1,VIIRS,n,2.0NRT,298.52,15.97,D
USA,30.61184,-87.78522,334.41,0.4,0.37,2023-02-18,1849,1,VIIRS,n,2.0NRT,291.22,2.65,D
USA,30.6133,-86.93314,332.25,0.39,0.36,2023-02-18,1849,1,VIIRS,n,2.0NRT,297.52,3.21,D
USA,30.63641,-86.93765,332.84,0.39,0.36,2023-02-18,1849,1,VIIRS,n,2.0NRT,295.22,3.45,D
USA,30.63704,-86.93365,328.35,0.39,0.36,2023-02-18,1849,1,VIIRS,n,2.0NRT,298.02,2.7,D
USA,30.63768,-86.92966,336.4,0.39,0.36,2023-02-18,1849,1,VIIRS,n,2.0NRT,297.58,2.7,D
USA,30.63971,-86.93835,328.52,0.39,0.36,2023-02-18,1849,1,VIIRS,n,2.0NRT,298,16.53,D
USA,30.64034,-86.93436,341.71,0.39,0.36,2023-02-18,1849,1,VIIRS,n,2.0NRT,299.57,10.01,D
USA,30.64849,-84.6397,330.36,0.4,0.37,2023-02-18,1849,1,VIIRS,n,2.0NRT,293.98,2.67,D
USA,30.6585,-84.28284,333.33,0.41,0.37,2023-02-18,1849,1,VIIRS,n,2.0NRT,290.23,2.78,D
USA,30.66663,-87.42988,327.8,0.39,0.36,2023-02-18,1849,1,VIIRS,n,2.0NRT,295.02,5.68,D
USA,30.6706,-87.42654,325.23,0.39,0.36,2023-02-18,1849,1,VIIRS,n,2.0NRT,292.68,2.88,D
USA,30.69516,-84.79655,325.63,0.4,0.37,2023-02-18,1849,1,VIIRS,n,2.0NRT,290.61,3.06,D
USA,30.7036,-83.58388,339.56,0.43,0.38,2023-02-18,1849,1,VIIRS,n,2.0NRT,290.43,3.98,D
USA,30.71147,-84.28273,333.77,0.41,0.37,2023-02-18,1849,1,VIIRS,n,2.0NRT,292.51,5.65,D
USA,30.72162,-84.2846,335.21,0.41,0.37,2023-02-18,1849,1,VIIRS,n,2.0NRT,291.86,3.79,D
USA,30.72693,-87.0761,326.46,0.39,0.36,2023-02-18,1849,1,VIIRS,n,2.0NRT,290.19,1.55,D
USA,30.73658,-87.16531,331.99,0.39,0.36,2023-02-18,1849,1,VIIRS,n,2.0NRT,288.59,3.12,D
USA,30.73875,-85.98597,326.86,0.38,0.36,2023-02-18,1849,1,VIIRS,n,2.0NRT,288.26,1.61,D
USA,30.73988,-87.16601,334.72,0.39,0.36,2023-02-18,1849,1,VIIRS,n,2.0NRT,306.32,16.24,D
USA,30.74052,-87.16199,339.53,0.39,0.36,2023-02-18,1849,1,VIIRS,n,2.0NRT,304.4,17.19,D
USA,30.74318,-87.16672,326.47,0.39,0.36,2023-02-18,1849,1,VIIRS,n,2.0NRT,290.03,16.24,D
USA,30.74382,-87.1627,341.33,0.39,0.36,2023-02-18,1849,1,VIIRS,n,2.0NRT,290.48,17.19,D
USA,30.74887,-92.99573,336.93,0.44,0.46,2023-02-18,1849,1,VIIRS,n,2.0NRT,277.33,3.7,D
USA,30.76208,-87.42904,341.26,0.39,0.36,2023-02-18,1849,1,VIIRS,n,2.0NRT,293.04,5.51,D
USA,30.76272,-87.42503,326.66,0.39,0.36,2023-02-18,1849,1,VIIRS,n,2.0NRT,292.57,2.32,D
USA,30.76767,-90.06353,326.81,0.47,0.4,2023-02-18,1849,1,VIIRS,n,2.0NRT,290.37,3.02,D
USA,30.78018,-92.14384,333.99,0.39,0.44,2023-02-18,1849,1,VIIRS,n,2.0NRT,291.1,4.83,D
USA,30.78215,-89.33923,338.38,0.44,0.38,2023-02-18,1849,1,VIIRS,n,2.0NRT,290.93,8.75,D
USA,30.78351,-92.14111,327.72,0.39,0.44,2023-02-18,1849,1,VIIRS,n,2.0NRT,291.1,4.13,D
USA,30.78839,-84.25346,328.89,0.41,0.37,2023-02-18,1849,1,VIIRS,n,2.0NRT,290.54,2.28,D
USA,30.79424,-84.21105,331.52,0.41,0.37,2023-02-18,1849,1,VIIRS,n,2.0NRT,289.92,3.35,D
USA,30.79458,-84.25895,325.16,0.41,0.37,2023-02-18,1849,1,VIIRS,n,2.0NRT,292.85,3.06,D
USA,30.80097,-83.47636,342.78,0.43,0.38,2023-02-18,1849,1,VIIRS,n,2.0NRT,290.84,4.73,D
USA,30.80219,-85.08917,334.38,0.39,0.36,2023-02-18,1849,1,VIIRS,n,2.0NRT,292.51,6.75,D
USA,30.83752,-83.76375,328.46,0.42,0.38,2023-02-18,1849,1,VIIRS,n,2.0NRT,293.11,4.18,D
USA,30.84323,-87.35036,339.48,0.39,0.36,2023-02-18,1849,1,VIIRS,n,2.0NRT,290.48,3.46,D
USA,30.84388,-87.34632,340.23,0.39,0.36,2023-02-18,1849,1,VIIRS,n,2.0NRT,293.38,3.46,D
USA,30.84698,-87.6832,334.53,0.4,0.37,2023-02-18,1849,1,VIIRS,n,2.0NRT,287.06,2.47,D
USA,30.84718,-87.34703,355.58,0.39,0.36,2023-02-18,1849,1,VIIRS,l,2.0NRT,295.53,23.97,D
USA,30.84765,-87.67911,327.84,0.4,0.37,2023-02-18,1849,1,VIIRS,n,2.0NRT,288.76,2.14,D
USA,30.8625,-84.04366,335.15,0.41,0.37,2023-02-18,1849,1,VIIRS,n,2.0NRT,290.87,2.3,D
USA,30.86707,-84.03568,328.79,0.41,0.37,2023-02-18,1849,1,VIIRS,n,2.0NRT,290.74,6.1,D
USA,30.89261,-88.62814,325.1,0.42,0.37,2023-02-18,1849,1,VIIRS,n,2.0NRT,294.56,2.98,D
USA,30.90859,-84.42591,327.62,0.4,0.37,2023-02-18,1849,1,VIIRS,n,2.0NRT,292.78,2.77,D
USA,30.90917,-84.42171,329.03,0.4,0.37,2023-02-18,1849,1,VIIRS,n,2.0NRT,290.24,2.47,D
USA,30.9093,-87.82867,325.1,0.4,0.37,2023-02-18,1849,1,VIIRS,n,2.0NRT,289.72,1.87,D
USA,30.91696,-87.33678,328.34,0.39,0.36,2023-02-18,1849,1,VIIRS,n,2.0NRT,295.85,45.18,D
USA,30.91961,-87.34154,349.81,0.39,0.36,2023-02-18,1849,1,VIIRS,n,2.0NRT,295.86,45.18,D
USA,30.92622,-87.34297,336.47,0.39,0.36,2023-02-18,1849,1,VIIRS,n,2.0NRT,296.37,53.85,D
USA,30.92772,-86.22022,327.24,0.38,0.36,2023-02-18,1849,1,VIIRS,n,2.0NRT,289.06,3.23,D
USA,30.92832,-86.21624,333.13,0.38,0.36,2023-02-18,1849,1,VIIRS,n,2.0NRT,287.28,3.23,D
USA,30.931,-86.2209,339.27,0.38,0.36,2023-02-18,1849,1,VIIRS,n,2.0NRT,287.58,3.23,D
USA,30.93161,-86.21691,347.24,0.38,0.36,2023-02-18,1849,1,VIIRS,n,2.0NRT,291.7,3.23,D
USA,30.93489,-86.21758,355.13,0.38,0.36,2023-02-18,1849,1,VIIRS,n,2.0NRT,295.17,11.48,D
USA,30.93722,-84.29253,330.44,0.41,0.37,2023-02-18,1849,1,VIIRS,n,2.0NRT,291.96,4.25,D
USA,30.9378,-84.28828,334.43,0.41,0.37,2023-02-18,1849,1,VIIRS,n,2.0NRT,291.52,4.6,D
USA,30.93939,-88.01457,336.96,0.4,0.37,2023-02-18,1849,1,VIIRS,n,2.0NRT,301.23,8.42,D
USA,30.94342,-88.01117,325.07,0.4,0.37,2023-02-18,1849,1,VIIRS,n,2.0NRT,294.4,2.56,D
USA,30.95258,-84.53299,331.76,0.4,0.37,2023-02-18,1849,1,VIIRS,n,2.0NRT,289.96,2.66,D
USA,30.96288,-84.816,329.91,0.4,0.37,2023-02-18,1849,1,VIIRS,n,2.0NRT,293.67,2.54,D
USA,30.98408,-87.0225,327.03,0.39,0.36,2023-02-18,1849,1,VIIRS,n,2.0NRT,293.82,3.97,D
USA,30.98471,-87.01849,327.58,0.39,0.36,2023-02-18,1849,1,VIIRS,n,2.0NRT,286.08,3.97,D
USA,31.00208,-86.48994,355.48,0.38,0.36,2023-02-18,1849,1,VIIRS,n,2.0NRT,291.57,8.41,D
USA,31.00686,-87.09374,345.61,0.39,0.36,2023-02-18,1849,1,VIIRS,n,2.0NRT,292.87,14.32,D
USA,31.09167,-83.92276,347.03,0.42,0.38,2023-02-18,1849,1,VIIRS,n,2.0NRT,291.95,5.39,D
USA,31.10856,-83.7413,333.19,0.42,0.38,2023-02-18,1849,1,VIIRS,n,2.0NRT,290.32,2.98,D
USA,31.12059,-86.51823,329.86,0.38,0.36,2023-02-18,1849,1,VIIRS,n,2.0NRT,288.98,5.05,D
USA,31.12265,-86.5269,325.11,0.38,0.36,2023-02-18,1849,1,VIIRS,n,2.0NRT,287.06,3.3,D
USA,31.12326,-86.5229,331.48,0.38,0.36,2023-02-18,1849,1,VIIRS,n,2.0NRT,287.71,5.05,D
USA,31.12387,-86.51891,355.71,0.38,0.36,2023-02-18,1849,1,VIIRS,n,2.0NRT,291.09,5.05,D
USA,31.12654,-86.52359,333.14,0.38,0.36,2023-02-18,1849,1,VIIRS,n,2.0NRT,287.87,3.54,D
USA,31.1286,-86.53226,331.68,0.38,0.36,2023-02-18,1849,1,VIIRS,n,2.0NRT,288.09,4.82,D
USA,31.14858,-87.98647,343.08,0.4,0.37,2023-02-18,1849,1,VIIRS,n,2.0NRT,298.84,5.11,D
USA,31.15995,-87.98045,331.35,0.4,0.37,2023-02-18,1849,1,VIIRS,n,2.0NRT,290.98,2.71,D
USA,31.16718,-84.27135,334.69,0.41,0.37,2023-02-18,1849,1,VIIRS,n,2.0NRT,300.04,21.22,D
USA,31.16776,-84.26707,329.85,0.41,0.37,2023-02-18,1849,1,VIIRS,n,2.0NRT,291.89,7.67,D
USA,31.16973,-89.60129,331.75,0.44,0.39,2023-02-18,1849,1,VIIRS,n,2.0NRT,291.9,3.9,D
USA,31.17439,-84.44707,326.12,0.41,0.37,2023-02-18,1849,1,VIIRS,n,2.0NRT,293.45,4.59,D
USA,31.17497,-84.44285,344.74,0.41,0.37,2023-02-18,1849,1,VIIRS,n,2.0NRT,293.49,5.47,D
USA,31.17728,-85.02881,333.66,0.39,0.37,2023-02-18,1849,1,VIIRS,n,2.0NRT,292,2.62,D
USA,31.17777,-84.44769,327.88,0.41,0.37,2023-02-18,1849,1,VIIRS,n,2.0NRT,291.03,2.53,D
USA,31.17836,-84.44347,346.79,0.41,0.37,2023-02-18,1849,1,VIIRS,n,2.0NRT,295.29,8.52,D
USA,31.23282,-81.63214,327.9,0.52,0.41,2023-02-18,1849,1,VIIRS,n,2.0NRT,288.41,3.95,D
USA,31.27013,-85.06748,328.31,0.39,0.36,2023-02-18,1849,1,VIIRS,n,2.0NRT,291.28,1.57,D
USA,31.27275,-84.46885,331.52,0.41,0.37,2023-02-18,1849,1,VIIRS,n,2.0NRT,292.65,3.01,D
USA,31.27733,-83.0478,339.38,0.45,0.39,2023-02-18,1849,1,VIIRS,n,2.0NRT,290.99,5.52,D
USA,31.27971,-83.05091,334.4,0.45,0.39,2023-02-18,1849,1,VIIRS,n,2.0NRT,293.17,5.85,D
USA,31.28029,-83.0462,333.05,0.45,0.39,2023-02-18,1849,1,VIIRS,n,2.0NRT,289.99,5.85,D
USA,31.28089,-83.0484,350.5,0.45,0.39,2023-02-18,1849,1,VIIRS,n,2.0NRT,291.76,5.52,D
USA,31.28745,-84.8713,332.52,0.4,0.37,2023-02-18,1849,1,VIIRS,n,2.0NRT,290.04,2.58,D
USA,31.29218,-85.8978,330.54,0.39,0.36,2023-02-18,1849,1,VIIRS,n,2.0NRT,292.17,2.44,D
USA,31.29331,-83.37135,329.37,0.44,0.38,2023-02-18,1849,1,VIIRS,n,2.0NRT,290.64,4.58,D
USA,31.3119,-84.79478,333.03,0.4,0.37,2023-02-18,1849,1,VIIRS,n,2.0NRT,291.02,3.23,D
USA,31.33768,-83.72459,335.03,0.43,0.38,2023-02-18,1849,1,VIIRS,n,2.0NRT,292.01,3.9,D
USA,31.38572,-85.37555,332.54,0.39,0.36,2023-02-18,1849,1,VIIRS,n,2.0NRT,290.94,2.9,D
USA,31.40623,-86.53934,331.07,0.38,0.36,2023-02-18,1849,1,VIIRS,n,2.0NRT,287.8,1.6,D
USA,31.40952,-86.54002,328.53,0.38,0.36,2023-02-18,1849,1,VIIRS,n,2.0NRT,288.37,2.52,D
USA,31.44806,-85.36587,334.57,0.39,0.36,2023-02-18,1849,1,VIIRS,n,2.0NRT,292.88,2.23,D
USA,31.46008,-90.26211,325.17,0.47,0.4,2023-02-18,1849,1,VIIRS,n,2.0NRT,291.31,2.25,D
USA,31.46106,-82.23418,330.12,0.49,0.4,2023-02-18,1849,1,VIIRS,n,2.0NRT,290.46,8.19,D
USA,31.47819,-82.99574,351.23,0.45,0.39,2023-02-18,1849,1,VIIRS,n,2.0NRT,292.13,8.11,D
USA,31.50603,-86.77522,344.3,0.38,0.36,2023-02-18,1849,1,VIIRS,n,2.0NRT,288.08,4.18,D
USA,31.50932,-86.77592,330.85,0.38,0.36,2023-02-18,1849,1,VIIRS,n,2.0NRT,286.22,1.93,D
USA,31.5147,-89.40127,326.48,0.43,0.38,2023-02-18,1849,1,VIIRS,n,2.0NRT,287.79,1.59,D
USA,31.53666,-88.11369,345.55,0.4,0.37,2023-02-18,1849,1,VIIRS,n,2.0NRT,288.08,3.99,D
USA,31.53787,-85.02398,329.95,0.4,0.37,2023-02-18,1849,1,VIIRS,n,2.0NRT,292.49,3.44,D
USA,31.53862,-88.12275,344,0.4,0.37,2023-02-18,1849,1,VIIRS,n,2.0NRT,289.38,7.12,D
USA,31.54793,-88.1292,338.4,0.4,0.37,2023-02-18,1849,1,VIIRS,n,2.0NRT,287.65,3.15,D
USA,31.55057,-88.1341,334.4,0.4,0.37,2023-02-18,1849,1,VIIRS,n,2.0NRT,289.31,3.3,D
USA,31.55253,-88.14316,325.37,0.4,0.37,2023-02-18,1849,1,VIIRS,n,2.0NRT,286.43,2.85,D
USA,31.55322,-88.13901,335.67,0.4,0.37,2023-02-18,1849,1,VIIRS,n,2.0NRT,287.76,3.3,D
USA,31.55391,-88.13486,334.56,0.4,0.37,2023-02-18,1849,1,VIIRS,n,2.0NRT,288.51,3.3,D
USA,31.55586,-88.14393,339.75,0.4,0.37,2023-02-18,1849,1,VIIRS,n,2.0NRT,288.72,4.47,D
USA,31.55655,-88.13977,329.24,0.4,0.37,2023-02-18,1849,1,VIIRS,n,2.0NRT,287.47,4.95,D
USA,31.5592,-88.14469,337.74,0.4,0.37,2023-02-18,1849,1,VIIRS,n,2.0NRT,287.34,4.47,D
USA,31.57537,-84.24977,331.7,0.41,0.37,2023-02-18,1849,1,VIIRS,n,2.0NRT,293.32,2.16,D
USA,31.58688,-83.44179,338.4,0.44,0.38,2023-02-18,1849,1,VIIRS,n,2.0NRT,290.67,2.94,D
USA,31.60151,-83.43964,326.38,0.44,0.38,2023-02-18,1849,1,VIIRS,n,2.0NRT,290.79,1.37,D
USA,31.62561,-86.00934,347.96,0.39,0.36,2023-02-18,1849,1,VIIRS,n,2.0NRT,287.43,4.05,D
USA,31.62621,-86.0053,344.17,0.39,0.36,2023-02-18,1849,1,VIIRS,n,2.0NRT,289.19,4.4,D
USA,31.6283,-86.01403,331.8,0.39,0.36,2023-02-18,1849,1,VIIRS,n,2.0NRT,289.85,4.05,D
USA,31.6289,-86.00999,342.69,0.39,0.36,2023-02-18,1849,1,VIIRS,n,2.0NRT,290.25,4.05,D
USA,31.63237,-86.0103,331.12,0.39,0.36,2023-02-18,1849,1,VIIRS,n,2.0NRT,289.77,2.32,D
USA,31.63566,-86.01096,332.34,0.39,0.36,2023-02-18,1849,1,VIIRS,n,2.0NRT,286.72,2.32,D
USA,31.63932,-84.31913,336.49,0.41,0.37,2023-02-18,1849,1,VIIRS,n,2.0NRT,293.63,7.76,D
USA,31.67585,-82.93783,330.22,0.46,0.39,2023-02-18,1849,1,VIIRS,n,2.0NRT,294.19,8.12,D
USA,31.77588,-85.05949,328.51,0.4,0.37,2023-02-18,1849,1,VIIRS,n,2.0NRT,289.63,4.35,D
USA,31.83192,-86.71378,339.07,0.38,0.36,2023-02-18,1849,1,VIIRS,n,2.0NRT,286.19,2.31,D
USA,31.85561,-84.32182,329.14,0.41,0.37,2023-02-18,1849,1,VIIRS,n,2.0NRT,291.02,2.5,D
USA,31.88579,-81.93189,328.75,0.51,0.41,2023-02-18,1849,1,VIIRS,n,2.0NRT,292.83,3.56,D
USA,31.89171,-84.2068,327.79,0.42,0.37,2023-02-18,1849,1,VIIRS,n,2.0NRT,291.38,1.95,D
USA,31.892,-85.60658,335.97,0.39,0.36,2023-02-18,1849,1,VIIRS,n,2.0NRT,294.19,3.55,D
USA,31.90002,-83.16226,325.97,0.45,0.39,2023-02-18,1849,1,VIIRS,n,2.0NRT,291.42,2.02,D
USA,31.90121,-81.69529,326.25,0.52,0.42,2023-02-18,1849,1,VIIRS,n,2.0NRT,287.01,3.68,D
USA,31.90496,-81.662,328.09,0.53,0.42,2023-02-18,1849,1,VIIRS,n,2.0NRT,290.37,8.44,D
USA,31.90503,-81.69588,352.91,0.52,0.42,2023-02-18,1849,1,VIIRS,n,2.0NRT,288.74,7.08,D
USA,31.90566,-81.69035,326.49,0.52,0.42,2023-02-18,1849,1,VIIRS,n,2.0NRT,285.74,7.44,D
USA,31.90691,-81.67926,340.2,0.52,0.42,2023-02-18,1849,1,VIIRS,n,2.0NRT,288.62,17.65,D
USA,31.90816,-81.66817,338.2,0.53,0.42,2023-02-18,1849,1,VIIRS,n,2.0NRT,290.99,5.01,D
USA,31.90885,-81.69647,327.96,0.52,0.42,2023-02-18,1849,1,VIIRS,n,2.0NRT,287.56,7.08,D
USA,31.90948,-81.69093,347.6,0.52,0.42,2023-02-18,1849,1,VIIRS,n,2.0NRT,287.64,7.44,D
USA,31.91074,-81.67987,353.39,0.52,0.42,2023-02-18,1849,1,VIIRS,n,2.0NRT,295.67,17.65,D
USA,31.91136,-81.67432,346.28,0.52,0.42,2023-02-18,1849,1,VIIRS,n,2.0NRT,291.65,17.65,D
USA,31.9133,-81.69153,331.06,0.52,0.42,2023-02-18,1849,1,VIIRS,n,2.0NRT,288.91,15.08,D
USA,31.91393,-81.686,354,0.52,0.42,2023-02-18,1849,1,VIIRS,n,2.0NRT,293.03,15.08,D
USA,31.91456,-81.68047,351.08,0.52,0.42,2023-02-18,1849,1,VIIRS,n,2.0NRT,298.56,24.5,D
USA,31.91839,-81.68105,330.67,0.52,0.42,2023-02-18,1849,1,VIIRS,n,2.0NRT,287.22,24.5,D
USA,31.93035,-84.61745,329.19,0.41,0.37,2023-02-18,1849,1,VIIRS,n,2.0NRT,290.73,2.31,D
USA,31.94744,-84.39119,327.57,0.41,0.37,2023-02-18,1849,1,VIIRS,n,2.0NRT,290.8,2.28,D
USA,31.97458,-89.50937,338.88,0.43,0.38,2023-02-18,1849,1,VIIRS,n,2.0NRT,285.62,2.78,D
USA,31.99692,-81.69556,327.72,0.52,0.42,2023-02-18,1849,1,VIIRS,n,2.0NRT,289.21,4.34,D
USA,32.02924,-82.14729,336.06,0.5,0.41,2023-02-18,1849,1,VIIRS,n,2.0NRT,291.2,7.05,D
USA,32.02931,-84.45825,349.29,0.41,0.37,2023-02-18,1849,1,VIIRS,n,2.0NRT,296.29,4.77,D
USA,32.03059,-82.14504,329.36,0.5,0.41,2023-02-18,1849,1,VIIRS,n,2.0NRT,290.71,4.62,D
USA,32.03271,-84.45887,329.99,0.41,0.37,2023-02-18,1849,1,VIIRS,n,2.0NRT,291.24,4.77,D
USA,32.03297,-82.1479,343.54,0.5,0.41,2023-02-18,1849,1,VIIRS,n,2.0NRT,291.39,7.05,D
USA,32.03433,-82.14565,334.38,0.5,0.41,2023-02-18,1849,1,VIIRS,n,2.0NRT,293.52,4.62,D
USA,32.05521,-82.51407,328.14,0.48,0.4,2023-02-18,1849,1,VIIRS,n,2.0NRT,295.26,1.96,D
USA,32.0607,-84.30368,330.77,0.41,0.37,2023-02-18,1849,1,VIIRS,n,2.0NRT,288.78,3.18,D
USA,32.10873,-82.71606,333.33,0.47,0.4,2023-02-18,1849,1,VIIRS,n,2.0NRT,293.4,2.78,D
USA,32.15192,-82.51194,343.52,0.48,0.4,2023-02-18,1849,1,VIIRS,n,2.0NRT,294.37,7.66,D
USA,32.15253,-82.50685,326.08,0.48,0.4,2023-02-18,1849,1,VIIRS,n,2.0NRT,293.34,7.66,D
USA,32.18029,-89.52387,336.93,0.43,0.38,2023-02-18,1849,1,VIIRS,n,2.0NRT,286.69,2.28,D
USA,32.23321,-91.78365,332.48,0.53,0.42,2023-02-18,1849,1,VIIRS,n,2.0NRT,290.85,20.95,D
USA,32.24072,-85.72855,328.66,0.39,0.36,2023-02-18,1849,1,VIIRS,n,2.0NRT,290.17,3.23,D
USA,32.24906,-93.09756,349.87,0.41,0.45,2023-02-18,1849,1,VIIRS,n,2.0NRT,283,6.83,D
USA,32.32205,-85.03127,343.08,0.4,0.37,2023-02-18,1849,1,VIIRS,n,2.0NRT,289.51,5.32,D
USA,32.33831,-84.44627,331.47,0.41,0.37,2023-02-18,1849,1,VIIRS,n,2.0NRT,291.72,2.35,D
USA,32.34765,-85.59707,327.81,0.39,0.36,2023-02-18,1849,1,VIIRS,n,2.0NRT,288.82,2.1,D
USA,32.34968,-80.60019,336.77,0.4,0.44,2023-02-18,1849,1,VIIRS,n,2.0NRT,286.35,1.77,D
USA,32.39538,-84.41209,334.22,0.41,0.37,2023-02-18,1849,1,VIIRS,n,2.0NRT,291.71,2.83,D
USA,32.41164,-85.11715,328.96,0.4,0.37,2023-02-18,1849,1,VIIRS,n,2.0NRT,290.29,2.31,D
USA,32.44181,-86.73134,329.13,0.38,0.36,2023-02-18,1849,1,VIIRS,n,2.0NRT,291.01,4.19,D
USA,32.46976,-84.35232,333.86,0.42,0.37,2023-02-18,1849,1,VIIRS,n,2.0NRT,291.68,3.01,D
USA,32.47319,-84.35295,334.3,0.42,0.37,2023-02-18,1849,1,VIIRS,n,2.0NRT,291.08,3.01,D
USA,32.52419,-85.13783,332.66,0.4,0.37,2023-02-18,1849,1,VIIRS,n,2.0NRT,293.29,5.28,D
USA,32.52754,-85.13849,341.21,0.4,0.37,2023-02-18,1849,1,VIIRS,n,2.0NRT,295.78,5.28,D
USA,32.53089,-85.13914,331.64,0.4,0.37,2023-02-18,1849,1,VIIRS,n,2.0NRT,293.48,6.77,D
USA,32.54796,-84.20648,330.36,0.42,0.38,2023-02-18,1849,1,VIIRS,n,2.0NRT,293.57,4.53,D
USA,32.56966,-83.23968,332.79,0.45,0.39,2023-02-18,1849,1,VIIRS,n,2.0NRT,293.32,4.74,D
USA,32.58094,-84.53825,330.22,0.41,0.37,2023-02-18,1849,1,VIIRS,n,2.0NRT,291.09,3.99,D
USA,32.58103,-84.40791,331.07,0.42,0.37,2023-02-18,1849,1,VIIRS,n,2.0NRT,292.29,1.52,D
USA,32.58386,-84.41296,328.74,0.42,0.37,2023-02-18,1849,1,VIIRS,n,2.0NRT,288.2,6.86,D
USA,32.58445,-84.40855,340.39,0.42,0.37,2023-02-18,1849,1,VIIRS,n,2.0NRT,297.53,9.33,D
USA,32.58728,-84.4136,352.01,0.42,0.37,2023-02-18,1849,1,VIIRS,n,2.0NRT,291.77,6.86,D
USA,32.58787,-84.4092,340.48,0.42,0.37,2023-02-18,1849,1,VIIRS,n,2.0NRT,292.15,9.33,D
USA,32.61125,-85.55857,346.51,0.39,0.36,2023-02-18,1849,1,VIIRS,n,2.0NRT,290.29,3.92,D
USA,32.61184,-85.55442,326.79,0.39,0.36,2023-02-18,1849,1,VIIRS,n,2.0NRT,289.58,3.92,D
USA,32.61848,-85.55573,339.77,0.39,0.36,2023-02-18,1849,1,VIIRS,n,2.0NRT,289.62,6.87,D
USA,32.62084,-81.74333,325.79,0.53,0.42,2023-02-18,1849,1,VIIRS,n,2.0NRT,290.33,1.07,D
USA,32.62112,-85.44074,342.69,0.39,0.36,2023-02-18,1849,1,VIIRS,n,2.0NRT,293.11,4.03,D
USA,32.63283,-85.05019,331.76,0.4,0.37,2023-02-18,1849,1,VIIRS,n,2.0NRT,291.25,3.03,D
USA,32.63486,-85.58459,345.27,0.39,0.36,2023-02-18,1849,1,VIIRS,n,2.0NRT,292.23,7.74,D
USA,32.63818,-85.58526,333.06,0.39,0.36,2023-02-18,1849,1,VIIRS,n,2.0NRT,289.23,9.53,D
USA,32.72436,-81.51987,336.33,0.55,0.42,2023-02-18,1849,1,VIIRS,n,2.0NRT,295.38,30.06,D
USA,32.72825,-81.52048,335.51,0.55,0.42,2023-02-18,1849,1,VIIRS,n,2.0NRT,299.28,30.06,D
USA,32.75798,-83.77678,330.91,0.44,0.38,2023-02-18,1849,1,VIIRS,n,2.0NRT,296,6.34,D
USA,32.7933,-80.65591,338.13,0.4,0.45,2023-02-18,1849,1,VIIRS,n,2.0NRT,288.8,10.28,D
USA,32.8021,-86.34881,344.37,0.39,0.36,2023-02-18,1849,1,VIIRS,n,2.0NRT,292.05,5.92,D
USA,32.81886,-81.67106,331.78,0.54,0.42,2023-02-18,1849,1,VIIRS,n,2.0NRT,289.67,3.9,D
USA,32.85,-84.9988,331.2,0.4,0.37,2023-02-18,1849,1,VIIRS,n,2.0NRT,289.32,2.25,D
USA,32.87991,-80.85378,336.89,0.4,0.44,2023-02-18,1849,1,VIIRS,n,2.0NRT,292.66,3.8,D
USA,32.8825,-88.91373,332.32,0.41,0.37,2023-02-18,1849,1,VIIRS,n,2.0NRT,287.78,3.09,D
USA,32.88586,-88.91453,340.13,0.41,0.37,2023-02-18,1849,1,VIIRS,n,2.0NRT,286.5,3.09,D
USA,32.91553,-86.17791,329.26,0.39,0.36,2023-02-18,1849,1,VIIRS,n,2.0NRT,291.45,2.48,D
USA,32.93979,-81.25996,341.46,0.57,0.43,2023-02-18,1849,1,VIIRS,n,2.0NRT,291.21,8.39,D
USA,32.94837,-81.25507,335.34,0.57,0.43,2023-02-18,1849,1,VIIRS,n,2.0NRT,292.51,5.87,D
USA,32.94902,-81.24902,337.38,0.57,0.43,2023-02-18,1849,1,VIIRS,n,2.0NRT,292.01,9.28,D
USA,32.972,-86.32465,326.92,0.39,0.36,2023-02-18,1849,1,VIIRS,n,2.0NRT,289.75,3.72,D
USA,32.97408,-86.33353,339.67,0.39,0.36,2023-02-18,1849,1,VIIRS,n,2.0NRT,289.79,3.21,D
USA,32.97469,-86.32944,332.64,0.39,0.36,2023-02-18,1849,1,VIIRS,n,2.0NRT,289.99,3.21,D
USA,32.97529,-86.32536,349.06,0.39,0.36,2023-02-18,1849,1,VIIRS,n,2.0NRT,290.81,3.72,D
USA,32.9759,-86.32127,341.53,0.39,0.36,2023-02-18,1849,1,VIIRS,n,2.0NRT,289.95,3.72,D
USA,32.97737,-86.33422,348.74,0.39,0.36,2023-02-18,1849,1,VIIRS,n,2.0NRT,289.42,3.07,D
USA,32.97798,-86.33013,332.94,0.39,0.36,2023-02-18,1849,1,VIIRS,n,2.0NRT,290.6,3.07,D
USA,32.98006,-86.339,344.83,0.39,0.36,2023-02-18,1849,1,VIIRS,n,2.0NRT,289.35,5.78,D
USA,32.98066,-86.33491,331.58,0.39,0.36,2023-02-18,1849,1,VIIRS,n,2.0NRT,287.73,3.07,D
USA,32.98127,-86.33083,336.08,0.39,0.36,2023-02-18,1849,1,VIIRS,n,2.0NRT,291.24,3.07,D
USA,32.98395,-86.33559,328.36,0.39,0.36,2023-02-18,1849,1,VIIRS,n,2.0NRT,287.43,3.1,D
USA,32.98724,-86.33629,346.52,0.39,0.36,2023-02-18,1849,1,VIIRS,n,2.0NRT,288.25,3.1,D
USA,32.98785,-86.33221,329.33,0.39,0.36,2023-02-18,1849,1,VIIRS,n,2.0NRT,287.9,3.1,D
USA,32.99133,-82.70249,330.78,0.48,0.4,2023-02-18,1849,1,VIIRS,n,2.0NRT,291.72,3.64,D
USA,32.99158,-87.33815,336.56,0.39,0.36,2023-02-18,1849,1,VIIRS,n,2.0NRT,287.27,3.46,D
USA,32.99487,-87.33887,327.42,0.39,0.36,2023-02-18,1849,1,VIIRS,n,2.0NRT,287.96,2.89,D
USA,32.99551,-87.33479,328.91,0.39,0.36,2023-02-18,1849,1,VIIRS,n,2.0NRT,287.94,2.89,D
USA,33.01271,-79.88534,339.25,0.45,0.47,2023-02-18,1849,1,VIIRS,n,2.0NRT,296.21,10.3,D
USA,33.0376,-87.63092,328.63,0.39,0.36,2023-02-18,1849,1,VIIRS,n,2.0NRT,290.76,4.34,D
USA,33.05186,-81.10238,337.96,0.39,0.44,2023-02-18,1849,1,VIIRS,n,2.0NRT,288.69,2.91,D
USA,33.0552,-83.09892,329.72,0.47,0.39,2023-02-18,1849,1,VIIRS,n,2.0NRT,291.54,2.96,D
USA,33.09073,-86.8037,332,0.38,0.36,2023-02-18,1849,1,VIIRS,n,2.0NRT,291.74,2.51,D
USA,33.16301,-84.26191,331.53,0.42,0.38,2023-02-18,1849,1,VIIRS,n,2.0NRT,292.81,3.49,D
USA,33.18034,-88.60544,330.55,0.4,0.37,2023-02-18,1849,1,VIIRS,n,2.0NRT,285.11,1.51,D
USA,33.19807,-80.2973,343.5,0.43,0.46,2023-02-18,1849,1,VIIRS,n,2.0NRT,288.99,5.14,D
USA,33.19867,-80.29614,335.9,0.43,0.46,2023-02-18,1849,1,VIIRS,n,2.0NRT,288.72,3.64,D
USA,33.21226,-91.40443,326.68,0.49,0.41,2023-02-18,1849,1,VIIRS,n,2.0NRT,288.24,2.25,D
USA,33.22994,-87.51199,334.33,0.39,0.36,2023-02-18,1849,1,VIIRS,n,2.0NRT,293,3.73,D
USA,33.23387,-87.50861,333.56,0.39,0.36,2023-02-18,1849,1,VIIRS,n,2.0NRT,293.83,3.28,D
USA,33.25251,-83.27975,329.48,0.46,0.39,2023-02-18,1849,1,VIIRS,n,2.0NRT,291.99,12.82,D
USA,33.27568,-80.93433,337.61,0.4,0.44,2023-02-18,1849,1,VIIRS,n,2.0NRT,306.24,47.41,D
USA,33.27613,-80.93006,353.05,0.4,0.44,2023-02-18,1849,1,VIIRS,n,2.0NRT,291.5,23,D
USA,33.27865,-82.72102,330.27,0.49,0.4,2023-02-18,1849,1,VIIRS,n,2.0NRT,289.31,3.03,D
USA,33.28233,-82.72166,334.65,0.49,0.4,2023-02-18,1849,1,VIIRS,n,2.0NRT,290.31,3.03,D
USA,33.30433,-86.46783,342.27,0.39,0.36,2023-02-18,1849,1,VIIRS,n,2.0NRT,289.06,5.03,D
USA,33.40953,-82.18428,330.98,0.52,0.41,2023-02-18,1849,1,VIIRS,n,2.0NRT,289.4,4.47,D
USA,33.41016,-82.17879,328.22,0.52,0.41,2023-02-18,1849,1,VIIRS,n,2.0NRT,291.44,4.47,D
USA,33.41332,-82.18489,338.31,0.52,0.41,2023-02-18,1849,1,VIIRS,n,2.0NRT,289.99,4.47,D
USA,33.41582,-82.19661,341.07,0.51,0.41,2023-02-18,1849,1,VIIRS,n,2.0NRT,293.42,7.84,D
USA,33.43757,-88.57154,329.32,0.4,0.37,2023-02-18,1849,1,VIIRS,n,2.0NRT,295.04,2.08,D
USA,33.46663,-95.93136,331.95,0.56,0.51,2023-02-18,1849,1,VIIRS,n,2.0NRT,272.5,6.61,D
USA,33.48304,-86.93142,326.19,0.38,0.36,2023-02-18,1849,1,VIIRS,n,2.0NRT,294.47,2.73,D
USA,33.48924,-81.17786,341.98,0.39,0.44,2023-02-18,1849,1,VIIRS,n,2.0NRT,290.34,2.56,D
USA,33.49325,-81.17844,327.58,0.39,0.44,2023-02-18,1849,1,VIIRS,n,2.0NRT,290.99,2.56,D
USA,33.50282,-82.53448,330.15,0.5,0.41,2023-02-18,1849,1,VIIRS,n,2.0NRT,287.66,3.27,D
USA,33.53321,-86.75608,337.36,0.38,0.36,2023-02-18,1849,1,VIIRS,n,2.0NRT,297.75,5.07,D
USA,33.65339,-83.19746,328.98,0.47,0.4,2023-02-18,1849,1,VIIRS,n,2.0NRT,289.55,2.05,D
USA,33.66241,-94.80621,327.2,0.48,0.48,2023-02-18,1849,1,VIIRS,n,2.0NRT,281.63,3.3,D
USA,33.70847,-85.37297,328.91,0.4,0.37,2023-02-18,1849,1,VIIRS,n,2.0NRT,289.45,2.36,D
USA,33.93359,-87.16701,329.5,0.38,0.36,2023-02-18,1849,1,VIIRS,n,2.0NRT,290.62,2.18,D
USA,33.93422,-87.16289,330.86,0.38,0.36,2023-02-18,1849,1,VIIRS,n,2.0NRT,288.63,2.18,D
USA,33.9375,-87.16361,327.59,0.38,0.36,2023-02-18,1849,1,VIIRS,n,2.0NRT,288.42,2.18,D
USA,33.96793,-88.79362,328.26,0.4,0.37,2023-02-18,1849,1,VIIRS,n,2.0NRT,285.92,2.73,D
USA,34.3719,-78.6719,325.19,0.54,0.51,2023-02-18,1849,1,VIIRS,n,2.0NRT,287.71,2.29,D
USA,34.49948,-86.26151,335.95,0.39,0.36,2023-02-18,1849,1,VIIRS,n,2.0NRT,290.14,3.74,D
USA,34.5207,-88.69181,336.38,0.39,0.36,2023-02-18,1849,1,VIIRS,n,2.0NRT,290.19,3.28,D
USA,34.52751,-82.52009,329.8,0.51,0.41,2023-02-18,1849,1,VIIRS,n,2.0NRT,290.24,3.71,D
USA,34.54268,-87.98385,326.57,0.39,0.36,2023-02-18,1849,1,VIIRS,n,2.0NRT,287.57,5.68,D
USA,34.61822,-93.31992,342.5,0.38,0.43,2023-02-18,1849,1,VIIRS,n,2.0NRT,285.06,5.24,D
USA,34.63737,-87.08186,330.11,0.38,0.36,2023-02-18,1849,1,VIIRS,n,2.0NRT,292.44,2.71,D
USA,34.65266,-77.25511,332.66,0.33,0.55,2023-02-18,1849,1,VIIRS,n,2.0NRT,286.94,3.05,D
USA,34.65316,-77.24788,328.65,0.33,0.55,2023-02-18,1849,1,VIIRS,n,2.0NRT,286.06,4.24,D
USA,34.65341,-77.24426,332.58,0.33,0.55,2023-02-18,1849,1,VIIRS,n,2.0NRT,285.3,2.68,D
USA,34.66036,-77.2924,328.95,0.33,0.55,2023-02-18,1849,1,VIIRS,n,2.0NRT,289.36,6.14,D
USA,34.66061,-77.28877,367,0.33,0.55,2023-02-18,1849,1,VIIRS,h,2.0NRT,292.37,13.61,D
USA,34.69141,-91.41632,331.14,0.47,0.4,2023-02-18,1849,1,VIIRS,n,2.0NRT,289.18,5.96,D
USA,34.75286,-90.68742,328.66,0.44,0.38,2023-02-18,1849,1,VIIRS,n,2.0NRT,291.08,2.53,D
USA,34.75633,-90.68835,346.46,0.44,0.38,2023-02-18,1849,1,VIIRS,n,2.0NRT,292.66,5.69,D
USA,34.77782,-90.85181,328.79,0.45,0.39,2023-02-18,1849,1,VIIRS,n,2.0NRT,289.34,4.59,D
USA,34.80509,-92.49788,331.79,0.52,0.42,2023-02-18,1849,1,VIIRS,n,2.0NRT,287.71,3.43,D
USA,34.81686,-88.61533,337.91,0.39,0.36,2023-02-18,1849,1,VIIRS,n,2.0NRT,288.83,2.81,D
USA,35.30425,-88.18999,338.64,0.39,0.36,2023-02-18,1849,1,VIIRS,n,2.0NRT,291.29,4.45,D
USA,35.31331,-81.19648,325.9,0.4,0.45,2023-02-18,1849,1,VIIRS,n,2.0NRT,292.51,2.09,D
USA,35.34158,-80.82565,327.84,0.42,0.45,2023-02-18,1849,1,VIIRS,n,2.0NRT,291.28,1.49,D
USA,35.48263,-89.77001,325.01,0.41,0.37,2023-02-18,1849,1,VIIRS,n,2.0NRT,289.8,2,D
USA,35.51695,-81.42302,331.82,0.4,0.44,2023-02-18,1849,1,VIIRS,n,2.0NRT,292.42,2.24,D
USA,35.52835,-91.80318,346.17,0.47,0.4,2023-02-18,1849,1,VIIRS,n,2.0NRT,292.28,10.11,D
USA,35.53195,-91.80416,343.31,0.47,0.4,2023-02-18,1849,1,VIIRS,n,2.0NRT,294.37,12.35,D
USA,35.61212,-80.07592,326,0.47,0.48,2023-02-18,1849,1,VIIRS,n,2.0NRT,289.26,2.53,D
USA,35.64577,-89.95297,327.86,0.41,0.37,2023-02-18,1849,1,VIIRS,n,2.0NRT,291.35,5.99,D
USA,35.65726,-88.24363,326.7,0.39,0.36,2023-02-18,1849,1,VIIRS,n,2.0NRT,289.21,2.09,D
USA,35.6951,-88.3707,342.91,0.39,0.36,2023-02-18,1849,1,VIIRS,n,2.0NRT,293.75,10.94,D
USA,35.74411,-91.37469,335.33,0.45,0.39,2023-02-18,1849,1,VIIRS,n,2.0NRT,288.69,3.89,D
USA,35.84844,-91.83608,329.02,0.47,0.4,2023-02-18,1849,1,VIIRS,n,2.0NRT,287.89,2.78,D
USA,35.89056,-89.78153,330.09,0.41,0.37,2023-02-18,1849,1,VIIRS,n,2.0NRT,292.61,5.54,D
USA,35.93337,-89.71416,333.57,0.4,0.37,2023-02-18,1849,1,VIIRS,n,2.0NRT,293.87,4.96,D
USA,35.9407,-91.9296,327.79,0.47,0.4,2023-02-18,1849,1,VIIRS,n,2.0NRT,288.89,3.75,D
USA,35.94785,-91.93177,341.07,0.47,0.4,2023-02-18,1849,1,VIIRS,n,2.0NRT,288.95,6.84,D
USA,35.97881,-83.95625,327.6,0.46,0.39,2023-02-18,1849,1,VIIRS,n,2.0NRT,292.96,2.94,D
USA,36.00051,-92.07523,344.1,0.48,0.4,2023-02-18,1849,1,VIIRS,n,2.0NRT,291.06,5.91,D
USA,36.02138,-87.40105,326.26,0.38,0.36,2023-02-18,1849,1,VIIRS,n,2.0NRT,288.41,1.92,D
USA,36.0596,-91.62466,344.19,0.46,0.39,2023-02-18,1849,1,VIIRS,n,2.0NRT,290.52,5.89,D
USA,36.16666,-92.23807,339.12,0.48,0.4,2023-02-18,1849,1,VIIRS,n,2.0NRT,291.28,5.17,D
USA,36.22803,-92.94764,331.37,0.52,0.41,2023-02-18,1849,1,VIIRS,n,2.0NRT,289.81,3.13,D
USA,36.30563,-92.28597,330.43,0.48,0.4,2023-02-18,1849,1,VIIRS,n,2.0NRT,289.17,3.84,D
USA,36.35499,-76.80365,335.95,0.36,0.58,2023-02-18,1849,1,VIIRS,n,2.0NRT,286.23,3.74,D
USA,36.35658,-76.8049,343.09,0.36,0.58,2023-02-18,1849,1,VIIRS,n,2.0NRT,284.93,2.86,D
USA,36.42279,-88.38392,343.72,0.39,0.36,2023-02-18,1849,1,VIIRS,n,2.0NRT,289.59,5.23,D
USA,36.42607,-88.3847,335.14,0.39,0.36,2023-02-18,1849,1,VIIRS,n,2.0NRT,286.53,5.23,D
USA,36.66377,-90.48437,328.19,0.42,0.37,2023-02-18,1849,1,VIIRS,n,2.0NRT,287.45,1.85,D
USA,36.81563,-89.52677,346.11,0.4,0.37,2023-02-18,1849,1,VIIRS,n,2.0NRT,288.65,8.75,D
USA,37.21963,-84.63865,330.03,0.45,0.39,2023-02-18,1849,1,VIIRS,n,2.0NRT,287.87,2.66,D
USA,36.71371,-91.81525,330.11,0.46,0.39,2023-02-18,1851,1,VIIRS,n,2.0NRT,284.74,2.53,D
USA,37.05027,-91.99889,327.6,0.46,0.39,2023-02-18,1851,1,VIIRS,n,2.0NRT,284.85,2.86,D
USA,37.05192,-92.01003,327.95,0.46,0.39,2023-02-18,1851,1,VIIRS,n,2.0NRT,284.68,2.2,D
USA,37.05287,-92.00493,335.38,0.46,0.39,2023-02-18,1851,1,VIIRS,n,2.0NRT,286.21,2.86,D
USA,37.05381,-91.99989,328.96,0.46,0.39,2023-02-18,1851,1,VIIRS,n,2.0NRT,285.13,2.86,D
USA,37.05545,-92.01105,341.71,0.46,0.39,2023-02-18,1851,1,VIIRS,n,2.0NRT,285.27,8.34,D
USA,37.39051,-89.72688,328.95,0.4,0.37,2023-02-18,1851,1,VIIRS,n,2.0NRT,286.56,1.88,D
USA,37.52773,-91.22723,329.75,0.43,0.38,2023-02-18,1851,1,VIIRS,n,2.0NRT,276.29,3.5,D
USA,37.532,-91.22341,329.03,0.43,0.38,2023-02-18,1851,1,VIIRS,n,2.0NRT,276.21,3.5,D
USA,37.66642,-90.08215,340.15,0.4,0.37,2023-02-18,1851,1,VIIRS,n,2.0NRT,288.87,4.33,D
USA,37.85553,-85.02583,326.95,0.44,0.38,2023-02-18,1851,1,VIIRS,n,2.0NRT,285.2,2.55,D
USA,37.87588,-90.73626,325.49,0.41,0.37,2023-02-18,1851,1,VIIRS,n,2.0NRT,287.43,1.58,D
USA,37.90371,-93.0235,330.23,0.49,0.4,2023-02-18,1851,1,VIIRS,n,2.0NRT,279.03,2.11,D
USA,37.9212,-89.62172,338.34,0.39,0.36,2023-02-18,1851,1,VIIRS,n,2.0NRT,285.23,2.92,D
USA,38.1375,-90.59388,328.49,0.41,0.37,2023-02-18,1851,1,VIIRS,n,2.0NRT,283.87,3.6,D
USA,38.18834,-92.87061,334.67,0.48,0.4,2023-02-18,1851,1,VIIRS,n,2.0NRT,287.95,2.75,D
USA,38.19246,-92.88875,329.96,0.48,0.4,2023-02-18,1851,1,VIIRS,n,2.0NRT,288.83,2.95,D
USA,38.19606,-92.8898,341.17,0.48,0.4,2023-02-18,1851,1,VIIRS,n,2.0NRT,289.11,5.32,D
USA,38.19708,-92.88446,339.87,0.48,0.4,2023-02-18,1851,1,VIIRS,n,2.0NRT,289.48,5.27,D
USA,38.2769,-93.62801,344.23,0.51,0.41,2023-02-18,1851,1,VIIRS,n,2.0NRT,284.28,6.39,D
USA,38.68451,-86.50745,333.42,0.41,0.37,2023-02-18,1851,1,VIIRS,n,2.0NRT,284.85,8.2,D
USA,38.84174,-92.48681,333.92,0.45,0.39,2023-02-18,1851,1,VIIRS,n,2.0NRT,285.01,5.88,D
USA,39.46671,-84.38566,328.95,0.48,0.4,2023-02-18,1851,1,VIIRS,n,2.0NRT,285.05,4.8,D
USA,39.5408,-91.79848,327.98,0.42,0.38,2023-02-18,1851,1,VIIRS,n,2.0NRT,279.74,2.63,D
USA,40.05333,-74.4486,327.38,0.52,0.67,2023-02-18,1851,1,VIIRS,n,2.0NRT,279.08,2.71,D
USA,40.159,-75.96,336.06,0.44,0.62,2023-02-18,1851,1,VIIRS,n,2.0NRT,279.12,2.63,D
USA,40.23672,-86.95651,328.3,0.41,0.37,2023-02-18,1851,1,VIIRS,n,2.0NRT,275.82,1.96,D
USA,40.37366,-85.06007,329.21,0.46,0.39,2023-02-18,1851,1,VIIRS,n,2.0NRT,268.44,2.66,D
USA,40.39355,-79.85133,332.2,0.54,0.51,2023-02-18,1851,1,VIIRS,n,2.0NRT,286.92,3.29,D
USA,40.62099,-100.62585,352.56,0.33,0.55,2023-02-18,1851,1,VIIRS,n,2.0NRT,273.31,5.01,D
USA,40.75384,-81.43636,330.21,0.45,0.47,2023-02-18,1851,1,VIIRS,n,2.0NRT,278.31,3.85,D
USA,41.08894,-80.38238,332.68,0.52,0.5,2023-02-18,1851,1,VIIRS,n,2.0NRT,280.11,4.92,D
USA,41.08949,-80.38059,337.49,0.52,0.5,2023-02-18,1851,1,VIIRS,n,2.0NRT,279.7,3.26,D
USA,41.44895,-81.67793,334.93,0.45,0.47,2023-02-18,1851,1,VIIRS,n,2.0NRT,286.28,2.47,D
USA,41.61787,-87.32832,333.23,0.41,0.37,2023-02-18,1851,1,VIIRS,n,2.0NRT,276.06,6.81,D
USA,41.62125,-87.32912,330.33,0.41,0.37,2023-02-18,1851,1,VIIRS,n,2.0NRT,277.05,4.87,D
USA,41.63565,-87.14133,342.07,0.41,0.37,2023-02-18,1851,1,VIIRS,n,2.0NRT,277.95,6.61,D
USA,41.64309,-87.13799,335.17,0.41,0.37,2023-02-18,1851,1,VIIRS,n,2.0NRT,276.24,6.55,D
USA,41.67785,-87.4304,328.24,0.41,0.37,2023-02-18,1851,1,VIIRS,n,2.0NRT,276.15,2.71,D
USA,42.29916,-83.1528,339.23,0.39,0.44,2023-02-18,1851,1,VIIRS,n,2.0NRT,284.59,10.63,D
USA,43.44221,-88.44132,327.24,0.4,0.37,2023-02-18,1851,1,VIIRS,n,2.0NRT,270,2.38,D
USA,45.13831,-92.70586,326.36,0.4,0.37,2023-02-18,1853,1,VIIRS,n,2.0NRT,273.95,2.16,D
USA,46.22711,-89.90361,325.09,0.39,0.36,2023-02-18,1853,1,VIIRS,n,2.0NRT,272.09,2.19,D
USA,26.26946,-97.52744,336.59,0.56,0.68,2023-02-18,2027,1,VIIRS,n,2.0NRT,296.3,8.04,D
USA,26.97175,-98.61794,353.04,0.48,0.65,2023-02-18,2029,1,VIIRS,n,2.0NRT,287.54,11.51,D
USA,26.9721,-98.61299,348.46,0.48,0.65,2023-02-18,2029,1,VIIRS,n,2.0NRT,284.3,10.64,D
USA,26.9781,-98.61343,337.98,0.48,0.65,2023-02-18,2029,1,VIIRS,n,2.0NRT,285.46,6.02,D
USA,28.30536,-96.91698,329.3,0.63,0.72,2023-02-18,2029,1,VIIRS,n,2.0NRT,288.61,5.6,D
USA,28.3084,-96.91491,342.64,0.63,0.72,2023-02-18,2029,1,VIIRS,n,2.0NRT,287.9,9.51,D
USA,31.35039,-109.26492,336.43,0.42,0.38,2023-02-18,2029,1,VIIRS,n,2.0NRT,302.85,6.13,D
USA,32.92856,-113.43358,341.08,0.39,0.36,2023-02-18,2031,1,VIIRS,n,2.0NRT,306.31,3.31,D
USA,32.92923,-113.42943,335.16,0.39,0.36,2023-02-18,2031,1,VIIRS,n,2.0NRT,303.2,1.2,D
USA,33.66845,-111.67984,343.23,0.39,0.36,2023-02-18,2031,1,VIIRS,n,2.0NRT,299.5,4.6,D
USA,35.1982,-120.57965,328,0.47,0.48,2023-02-18,2031,1,VIIRS,n,2.0NRT,297.33,2.58,D
USA,36.42743,-120.13532,326.67,0.42,0.45,2023-02-18,2031,1,VIIRS,l,2.0NRT,298.64,3.1,D
USA,36.81092,-118.93491,325.5,0.54,0.42,2023-02-18,2031,1,VIIRS,n,2.0NRT,281.05,3.68,D
USA,36.81211,-118.93948,326.98,0.54,0.42,2023-02-18,2031,1,VIIRS,n,2.0NRT,283.28,7.42,D
USA,36.81324,-118.93385,332.99,0.54,0.42,2023-02-18,2031,1,VIIRS,n,2.0NRT,280.34,7.06,D
USA,37.02902,-119.26653,330,0.55,0.43,2023-02-18,2031,1,VIIRS,n,2.0NRT,287.42,3.08,D
USA,37.03286,-119.26767,350.62,0.55,0.43,2023-02-18,2031,1,VIIRS,n,2.0NRT,288.06,12.3,D
USA,37.034,-119.26203,334.29,0.55,0.43,2023-02-18,2031,1,VIIRS,n,2.0NRT,284.47,5.05,D
USA,37.08572,-119.37068,345.33,0.56,0.43,2023-02-18,2031,1,VIIRS,n,2.0NRT,295.14,49.02,D
USA,37.08953,-119.37202,338.18,0.56,0.43,2023-02-18,2031,1,VIIRS,n,2.0NRT,293.11,26.27,D
USA,37.09204,-119.37968,334.44,0.56,0.43,2023-02-18,2031,1,VIIRS,n,2.0NRT,289.54,26.27,D
USA,37.09335,-119.37332,325.97,0.56,0.43,2023-02-18,2031,1,VIIRS,n,2.0NRT,287.34,26.27,D
USA,37.09587,-119.38096,344.88,0.56,0.43,2023-02-18,2031,1,VIIRS,n,2.0NRT,288.08,12.75,D
USA,37.09989,-119.36142,339.68,0.56,0.43,2023-02-18,2031,1,VIIRS,n,2.0NRT,290.81,16.75,D
USA,37.10236,-119.36929,354.33,0.56,0.43,2023-02-18,2031,1,VIIRS,n,2.0NRT,294.4,16.75,D
USA,37.10371,-119.36275,329.85,0.56,0.43,2023-02-18,2031,1,VIIRS,n,2.0NRT,286.07,16.75,D
USA,37.10481,-119.3773,325.37,0.56,0.43,2023-02-18,2031,1,VIIRS,n,2.0NRT,287.97,5.11,D
USA,37.10614,-119.3708,332.15,0.56,0.43,2023-02-18,2031,1,VIIRS,n,2.0NRT,286.84,6.3,D
USA,37.6913,-120.33979,337.87,0.4,0.44,2023-02-18,2031,1,VIIRS,n,2.0NRT,292.01,2.7,D
USA,38.61047,-120.5117,355.37,0.39,0.44,2023-02-18,2033,1,VIIRS,n,2.0NRT,291.45,9.77,D
USA,46.48511,-119.23613,333.34,0.41,0.37,2023-02-18,2036,1,VIIRS,n,2.0NRT,271.25,3.03,D
USA,46.94297,-119.86678,325.95,0.41,0.37,2023-02-18,2036,1,VIIRS,n,2.0NRT,288.19,3.41,D
USA,46.94536,-119.87333,346.11,0.41,0.37,2023-02-18,2036,1,VIIRS,n,2.0NRT,290.92,5.32,D
USA,46.94632,-119.86802,329.34,0.41,0.37,2023-02-18,2036,1,VIIRS,n,2.0NRT,288.35,5.32,D
USA,47.17953,-119.19452,335.96,0.4,0.37,2023-02-18,2036,1,VIIRS,n,2.0NRT,286.02,2.46,D